url,menu,swordfish,name
https://www.yelp.com/biz/neptune-oyster-boston?osq=Seafood+Restaurant,http://www.neptuneoyster.com/menu/,False,
https://www.yelp.com/biz/giacomos-ristorante-boston?osq=Seafood+Restaurant,http://giacomosblog-boston.blogspot.com/2007/04/menu-for-giacomos-northend-restaurant.html,True,Giacomo’s Ristorante
https://www.yelp.com/biz/james-hook-and-co-boston?osq=Seafood+Restaurant,https://www.yelp.com/menu/james-hook-and-co-boston,True,
https://www.yelp.com/biz/saltie-girl-boston?osq=Seafood+Restaurant,https://www.yelp.com/menu/saltie-girl-boston/main-menu,False,
https://www.yelp.com/biz/island-creek-oyster-bar-boston?osq=Seafood+Restaurant,https://www.yelp.com/menu/island-creek-oyster-bar-boston/dinner-menu,True,Island Creek Oyster Bar
https://www.yelp.com/biz/yankee-lobster-boston?osq=Seafood+Restaurant,https://www.yelp.com/menu/yankee-lobster-boston/main-menu,True,
https://www.yelp.com/biz/atlantic-fish-boston-3?osq=Seafood+Restaurant,https://www.yelp.com/menu/atlantic-fish-boston-3/lunch,True,
https://www.yelp.com/biz/lukes-lobster-back-bay-boston?osq=Seafood+Restaurant,http://lukeslobster.com/menu/,False,Luke’s Lobster Back Bay
https://www.yelp.com/biz/ostra-boston?osq=Seafood+Restaurant,https://www.yelp.com/menu/ostra-boston/dinner-menu,False,
https://www.yelp.com/biz/the-oceanaire-seafood-room-boston?osq=Seafood+Restaurant,https://www.yelp.com/menu/the-oceanaire-seafood-room-boston/lunch-menu,True,The Oceanaire Seafood Room
https://www.yelp.com/biz/morse-fish-boston?osq=Seafood+Restaurant,https://www.yelp.com/menu/morse-fish-boston,False,
https://www.yelp.com/biz/paulis-boston?osq=Seafood+Restaurant,http://paulisnorthend.com/takeout-menu/,False,
https://www.yelp.com/biz/alive-and-kicking-lobsters-cambridge?osq=Seafood+Restaurant,http://www.aliveandkickinglobsters.com/menu.html,False,Alive & Kicking Lobsters
https://www.yelp.com/biz/barking-crab-boston-2?osq=Seafood+Restaurant,https://www.yelp.com/menu/barking-crab-boston-2,True,
https://www.yelp.com/biz/legal-sea-foods-boston-38?osq=Seafood+Restaurant,https://www.yelp.com/menu/legal-sea-foods-boston-38/promotion,False,
https://www.yelp.com/biz/court-house-seafood-restaurant-cambridge?osq=Seafood+Restaurant,http://www.courthouseseafood.com/menu.html,False,Court House Seafood Restaurant
https://www.yelp.com/biz/union-oyster-house-boston?osq=Seafood+Restaurant,https://www.yelp.com/menu/union-oyster-house-boston/lunch-menu,True,
https://www.yelp.com/biz/legal-harborside-boston-6?osq=Seafood+Restaurant,https://www.yelp.com/menu/legal-harborside-boston-6/promotion,True,
https://www.yelp.com/biz/legal-crossing-boston?osq=Seafood+Restaurant,https://www.yelp.com/menu/legal-crossing-boston/promotion,False,
https://www.yelp.com/biz/burkes-seafood-quincy?osq=Seafood+Restaurant,http://www.burkesseafood.com/menu,False,
https://www.yelp.com/biz/boston-sail-loft-boston?osq=Seafood+Restaurant,https://www.yelp.com/menu/boston-sail-loft-boston/daily-menu,False,
https://www.yelp.com/biz/legal-sea-foods-boston-32?osq=Seafood+Restaurant,https://www.yelp.com/menu/legal-sea-foods-boston-32/promotion,False,
https://www.yelp.com/biz/legal-sea-foods-boston-39?osq=Seafood+Restaurant,https://www.yelp.com/menu/legal-sea-foods-boston-39/promotion,False,
https://www.yelp.com/biz/holly-crab-boston?osq=Seafood+Restaurant,https://www.yelp.com/menu/holly-crab-boston,False,
https://www.yelp.com/biz/scollay-square-boston?osq=Seafood+Restaurant,https://www.yelp.com/menu/scollay-square-boston/boston-restaurant-week,False,
https://www.yelp.com/biz/reds-best-seafood-at-the-boston-public-market-boston?osq=Seafood+Restaurant,http://www.redsbest.com/redsbest/articles/food/,False,Red’s Best Seafood at the Boston Public Market
https://www.yelp.com/biz/top-catch-at-joes-waterfront-boston?osq=Seafood+Restaurant,http://www.topcatchatjoes.com/menus/,False,Top Catch at Joe’s Waterfront
https://www.yelp.com/biz/loui-loui-allston-3?osq=Seafood+Restaurant,https://www.yelp.com/menu/loui-loui-allston-3/full-menu,False,
https://www.yelp.com/biz/the-hourly-oyster-house-cambridge?osq=Seafood+Restaurant,http://www.thehourlycambridge.com/menus/,True,The Hourly Oyster House
https://www.yelp.com/biz/shaking-crab-newton?osq=Seafood+Restaurant,https://www.yelp.com/menu/shaking-crab-newton,False,
https://www.yelp.com/biz/b-and-g-oysters-boston?osq=Seafood+Restaurant,https://www.yelp.com/menu/b-and-g-oysters-boston/lunch-menu,False,
https://www.yelp.com/biz/bostonia-public-house-boston-4?osq=Seafood+Restaurant,http://bostoniapublichouse.com/menus/,False,Bostonia Public House
https://www.yelp.com/biz/out-of-the-blue-somerville?osq=Seafood+Restaurant,http://www.outofthebluerestaurant.com/menu-simple.html,True,
https://www.yelp.com/biz/steamers-newton?osq=Seafood+Restaurant,https://www.yelp.com/menu/steamers-newton,True,
https://www.yelp.com/biz/legal-test-kitchen-boston?osq=Seafood+Restaurant,https://www.yelp.com/menu/legal-test-kitchen-boston/promotion,False,
https://www.yelp.com/biz/turners-seafood-grill-melrose?osq=Seafood+Restaurant,https://www.yelp.com/menu/turners-seafood-grill-melrose/lunch-menu,False,Turner’s Seafood Grill
https://www.yelp.com/biz/muqueca-restaurant-cambridge?osq=Seafood+Restaurant,https://www.yelp.com/menu/muqueca-restaurant-cambridge/appetizers,False,
https://www.yelp.com/biz/state-street-provisions-boston?osq=Seafood+Restaurant,http://statestreetprovisions.com/menus/,False,State Street Provisions
https://www.yelp.com/biz/la-summa-boston?osq=Seafood+Restaurant,https://www.yelp.com/menu/la-summa-boston,False,
https://www.yelp.com/biz/the-lobster-stop-quincy?osq=Seafood+Restaurant,https://www.yelp.com/menu/the-lobster-stop-quincy,False,
https://www.yelp.com/biz/select-oyster-bar-boston?osq=Seafood+Restaurant,http://www.selectboston.com/menu/,False,
https://www.yelp.com/biz/new-jumbo-seafood-restaurant-boston?osq=Seafood+Restaurant,https://www.yelp.com/menu/new-jumbo-seafood-restaurant-boston,False,New Jumbo Seafood Restaurant
https://www.yelp.com/biz/east-coast-grill-cambridge?osq=Seafood+Restaurant,https://www.yelp.com/menu/east-coast-grill-cambridge/dinner-menu,False,
https://www.yelp.com/biz/atlantic-kitchen-randolph?osq=Seafood+Restaurant,http://atlantickitchenma.com/menu.html,False,
https://www.yelp.com/biz/aqua-pazza-boston-2?osq=Seafood+Restaurant,https://www.yelp.com/menu/aqua-pazza-boston-2/dinner-menu,True,
https://www.yelp.com/biz/loco-taqueria-and-oyster-bar-boston?osq=Seafood+Restaurant,http://locosouthboston.com/menu/,True,Loco Taqueria and Oyster Bar
https://www.yelp.com/biz/75-chestnut-boston?osq=Seafood+Restaurant,https://www.yelp.com/menu/75-chestnut-boston/classic-cocktails,False,
https://www.yelp.com/biz/the-capital-grille-boston?osq=Seafood+Restaurant,https://www.yelp.com/menu/the-capital-grille-boston/lunch-menu,False,
https://www.yelp.com/biz/legal-sea-foods-boston-46?osq=Seafood+Restaurant,https://www.yelp.com/menu/legal-sea-foods-boston-46/all-day-menu,False,
https://www.yelp.com/biz/ko-pies-at-the-shipyard-boston?osq=Seafood+Restaurant,http://kocateringandpies.com/menus/,False,KO Pies At the Shipyard
https://www.yelp.com/biz/citizen-public-house-and-oyster-bar-boston?osq=Seafood+Restaurant,http://www.citizenpub.com/menus/food/,False,Citizen Public House & Oyster Bar
https://www.yelp.com/biz/jp-seafood-cafe-jamaica-plain?osq=Seafood+Restaurant,https://www.yelp.com/menu/jp-seafood-cafe-jamaica-plain/sushi-bar-menu,False,
https://www.yelp.com/biz/abe-and-louies-boston-2?osq=Seafood+Restaurant,https://www.yelp.com/menu/abe-and-louies-boston-2/dinner-menu,True,
https://www.yelp.com/biz/rabias-boston-2?osq=Seafood+Restaurant,https://www.yelp.com/menu/rabias-boston-2,False,
https://www.yelp.com/biz/grill-23-and-bar-boston?osq=Seafood+Restaurant,https://www.yelp.com/menu/grill-23-and-bar-boston/dinner,True,
https://www.yelp.com/biz/legal-oysteria-charlestown?osq=Seafood+Restaurant,https://www.yelp.com/menu/legal-oysteria-charlestown/promotion,False,
https://www.yelp.com/biz/pescatore-somerville?osq=Seafood+Restaurant,https://www.yelp.com/menu/pescatore-somerville,True,
https://www.yelp.com/biz/legal-sea-foods-cambridge-9?osq=Seafood+Restaurant,https://www.yelp.com/menu/legal-sea-foods-cambridge-9/promotion,False,
https://www.yelp.com/biz/no-name-restaurant-south-boston?osq=Seafood+Restaurant,https://www.yelp.com/menu/no-name-restaurant-south-boston,True,
https://www.yelp.com/biz/legal-sea-foods-cambridge-10?osq=Seafood+Restaurant,https://www.yelp.com/menu/legal-sea-foods-cambridge-10/promotion,False,
https://www.yelp.com/biz/mi-pueblito-restaurant-boston?osq=Seafood+Restaurant,https://www.yelp.com/menu/mi-pueblito-restaurant-boston,False,Mi Pueblito Restaurant
https://www.yelp.com/biz/oppa-sushi-boston-2?osq=Seafood+Restaurant,https://www.yelp.com/menu/oppa-sushi-boston-2,False,
https://www.yelp.com/biz/spring-shabu-shabu-boston?osq=Seafood+Restaurant,http://www.springshabu.com/menu.html,False,
https://www.yelp.com/biz/little-donkey-cambridge?osq=Seafood+Restaurant,https://www.yelp.com/menu/little-donkey-cambridge/dinner,False,
https://www.yelp.com/biz/bar-mezzana-boston?osq=Seafood+Restaurant,http://www.barmezzana.com/menu/,False,
https://www.yelp.com/biz/legal-sea-foods-boston-49?osq=Seafood+Restaurant,https://www.yelp.com/menu/legal-sea-foods-boston-49/all-day-menu,True,
https://www.yelp.com/biz/boston-chowda-boston-3?osq=Seafood+Restaurant,http://www.bostonchowda.com/faneuilhall_menu01.html,False,
https://www.yelp.com/biz/panza-boston?osq=Seafood+Restaurant,http://panzarestaurant.com/menu,False,
https://www.yelp.com/biz/224-boston-street-restaurant-dorchester?osq=Seafood+Restaurant,http://www.224bostonstreet.com/newmenu.html,False,224 Boston Street Restaurant
https://www.yelp.com/biz/legal-on-the-mystic-somerville-12?osq=Seafood+Restaurant,https://www.yelp.com/menu/legal-on-the-mystic-somerville-12/promotion,False,
https://www.yelp.com/biz/carmelinas-boston-2?osq=Seafood+Restaurant,https://www.yelp.com/menu/carmelinas-boston-2,False,
https://www.yelp.com/biz/chart-house-boston?osq=Seafood+Restaurant,http://www.chart-house.com/locations/boston/menus.asp,False,
https://www.yelp.com/biz/gaslight-brasserie-boston-5?osq=Seafood+Restaurant,https://www.yelp.com/menu/gaslight-brasserie-boston-5/dinner,True,
https://www.yelp.com/biz/flame-cafe-and-catering-boston-3?osq=Seafood+Restaurant,http://flamecafeofboston.com/menu,False,Flame Cafe & Catering
https://www.yelp.com/biz/toro-boston?osq=Seafood+Restaurant,https://www.yelp.com/menu/toro-boston/dinner,False,
https://www.yelp.com/biz/rowes-wharf-sea-grille-boston?osq=Seafood+Restaurant,https://www.yelp.com/menu/rowes-wharf-sea-grille-boston/breakfast,False,Rowes Wharf Sea Grille
https://www.yelp.com/biz/eastern-standard-kitchen-and-drinks-boston-3?osq=Seafood+Restaurant,http://www.easternstandardboston.com/menus,False,Eastern Standard Kitchen and Drinks
https://www.yelp.com/biz/the-barracuda-tavern-boston?osq=Seafood+Restaurant,http://www.barracudatavern.com/menu/index.php,False,The Barracuda Tavern
https://www.yelp.com/biz/q-restaurant-boston?osq=Seafood+Restaurant,https://www.yelp.com/menu/q-restaurant-boston,False,
https://www.yelp.com/biz/the-daily-catch-boston-4?osq=Seafood+Restaurant,http://thedailycatch.com/menus,False,
https://www.yelp.com/biz/the-old-havana-jamaica-plain?osq=Seafood+Restaurant,http://www.theoldhavanajp.com/menu.html,False,
https://www.yelp.com/biz/zef-cicchetti-and-raw-bar-quincy?osq=Seafood+Restaurant,http://zefquincy.com/zef-menu/,False,Zef Cicchetti & Raw Bar
https://www.yelp.com/biz/j-and-j-restaurant-and-takeout-somerville?osq=Seafood+Restaurant,http://jandjrestaurant.com/restaurant.htm,False,J and J Restaurant & Takeout
https://www.yelp.com/biz/jade-garden-boston?osq=Seafood+Restaurant,https://www.yelp.com/menu/jade-garden-boston,False,
https://www.yelp.com/biz/outlook-kitchen-and-bar-boston?osq=Seafood+Restaurant,https://www.yelp.com/menu/outlook-kitchen-and-bar-boston/lunch-menu,False,Outlook Kitchen And Bar
https://www.yelp.com/biz/the-glenville-stops-boston?osq=Seafood+Restaurant,https://www.yelp.com/menu/the-glenville-stops-boston/wine,False,
https://www.yelp.com/biz/bottega-di-capri-brookline?osq=Seafood+Restaurant,https://www.yelp.com/menu/bottega-di-capri-brookline/menu,False,
https://www.yelp.com/biz/chelsea-station-restaurant-bar-and-lounge-chelsea?osq=Seafood+Restaurant,http://thechelseastation.com/dinner-menu/,False,Chelsea Station Restaurant Bar & Lounge
https://www.yelp.com/biz/smith-and-wollensky-boston-2?osq=Seafood+Restaurant,https://www.yelp.com/menu/smith-and-wollensky-boston-2/bar-fare-cocktails-and-wine,False,
https://www.yelp.com/biz/rinos-place-boston?osq=Seafood+Restaurant,https://www.yelp.com/menu/rinos-place-boston,False,
https://www.yelp.com/biz/lucca-back-bay-boston?osq=Seafood+Restaurant,https://www.yelp.com/menu/lucca-back-bay-boston/main-menu,False,
https://www.yelp.com/biz/pho-basil-boston?osq=Seafood+Restaurant,http://www.phobasil.com/menu.php,False,
https://www.yelp.com/biz/comedor-newton?osq=Seafood+Restaurant,http://comedornewton.com/menu/,False,
https://www.yelp.com/biz/city-tap-house-boston?osq=Seafood+Restaurant,http://www.boston.citytap.com/menus.php,False,
https://www.yelp.com/biz/ristorante-saraceno-boston?osq=Seafood+Restaurant,https://www.yelp.com/menu/ristorante-saraceno-boston/wine-list,False,
https://www.yelp.com/biz/russell-house-tavern-cambridge?osq=Seafood+Restaurant,http://www.russellhousecambridge.com/%3Fpage_id%3D18,False,Russell House Tavern
https://www.yelp.com/biz/the-salty-pig-boston?osq=Seafood+Restaurant,http://www.thesaltypig.com/dinner.htm,False,
https://www.yelp.com/biz/new-golden-gate-boston-2?osq=Seafood+Restaurant,https://www.yelp.com/menu/new-golden-gate-boston-2,False,
https://www.yelp.com/biz/flemings-prime-steakhouse-boston-boston?osq=Seafood+Restaurant,https://www.yelp.com/menu/flemings-prime-steakhouse-boston-boston/dinner-menu,False,Fleming’s Prime Steakhouse - Boston
https://www.yelp.com/biz/the-gallows-boston?osq=Seafood+Restaurant,https://www.yelp.com/menu/the-gallows-boston/dinner-menu,False,
https://www.yelp.com/biz/legal-test-kitchen-boston-7?osq=Seafood+Restaurant,https://www.yelp.com/menu/legal-test-kitchen-boston-7/all-day-menu,False,
https://www.yelp.com/biz/mortons-the-steakhouse-boston-7?osq=Seafood+Restaurant,https://www.yelp.com/menu/mortons-the-steakhouse-boston-7/lunch-menu,False,Morton’s The Steakhouse
https://www.yelp.com/biz/o-learys-irish-pub-and-restaurant-brookline?osq=Seafood+Restaurant,https://www.yelp.com/menu/o-learys-irish-pub-and-restaurant-brookline,False,O’Leary’s Irish Pub and Restaurant
https://www.yelp.com/biz/menton-boston?osq=Seafood+Restaurant,https://www.yelp.com/menu/menton-boston/a-la-carte,False,
https://www.yelp.com/biz/ruths-chris-steak-house-boston-2?osq=Seafood+Restaurant,http://www.yelp.com/menu/ruths-chris-steak-house-boston-2,False,Ruth’s Chris Steak House
https://www.yelp.com/biz/marios-restaurant-boston?osq=Seafood+Restaurant,https://www.yelp.com/menu/marios-restaurant-boston,False,
https://www.yelp.com/biz/toscano-restaurant-boston?osq=Seafood+Restaurant,http://www.toscanoboston.com/menu/,True,
https://www.yelp.com/biz/trattoria-il-panino-boston?osq=Seafood+Restaurant,https://www.yelp.com/menu/trattoria-il-panino-boston,True,
https://www.yelp.com/biz/glass-house-cambridge?osq=Seafood+Restaurant,http://www.glasshousecambridge.com/menus/,False,
https://www.yelp.com/biz/shaking-crab-quincy-2?osq=Seafood+Restaurant,http://www.shakingcrabquincy.com/menu,False,
https://www.yelp.com/biz/galway-house-jamaica-plain?osq=Seafood+Restaurant,https://www.yelp.com/menu/galway-house-jamaica-plain,False,
https://www.yelp.com/biz/legal-sea-foods-chestnut-hill-6?osq=Seafood+Restaurant,https://www.yelp.com/menu/legal-sea-foods-chestnut-hill-6/promotion,False,
https://www.yelp.com/biz/the-tip-tap-room-boston?osq=Seafood+Restaurant,https://www.yelp.com/menu/the-tip-tap-room-boston/dinner,True,
https://www.yelp.com/biz/mccormick-and-schmicks-seafood-and-steaks-boston-2?osq=Seafood+Restaurant,http://www.mccormickandschmicks.com/afreshapproach/menus.aspx,False,McCormick & Schmick’s Seafood & Steaks
https://www.yelp.com/biz/scampo-boston?osq=Seafood+Restaurant,https://www.yelp.com/menu/scampo-boston/lunch,False,
https://www.yelp.com/biz/legal-c-bar-boston-8?osq=Seafood+Restaurant,https://www.yelp.com/menu/legal-c-bar-boston-8/all-day-menu,True,
https://www.yelp.com/biz/mamma-maria-boston?osq=Seafood+Restaurant,http://www.mammamaria.com/menus,False,
https://www.yelp.com/biz/gather-boston?osq=Seafood+Restaurant,http://gatherboston.com/%23menu-dinner,False,
https://www.yelp.com/biz/the-clam-box-quincy?osq=Seafood+Restaurant,http://clamboxquincy.com/menu.html,False,
https://www.yelp.com/biz/southern-kin-cookhouse-somerville?osq=Seafood+Restaurant,https://www.yelp.com/menu/southern-kin-cookhouse-somerville/brunch,False,Southern Kin Cookhouse
https://www.yelp.com/biz/yoki-express-boston?osq=Seafood+Restaurant,http://www.yokiexpress.com/Pages/Menu.aspx,False,
https://www.yelp.com/biz/bay-pointe-waterfront-restaurant-quincy?osq=Seafood+Restaurant,https://www.yelp.com/menu/bay-pointe-waterfront-restaurant-quincy/lunch,True,Bay Pointe Waterfront Restaurant
https://www.yelp.com/biz/durgin-park-boston?osq=Seafood+Restaurant,https://www.yelp.com/menu/durgin-park-boston/main,False,
https://www.yelp.com/biz/legal-sea-foods-burlington-6?osq=Seafood+Restaurant,https://www.yelp.com/menu/legal-sea-foods-burlington-6/promotion,False,
https://www.yelp.com/biz/blr-by-shojo-boston-2?osq=Seafood+Restaurant,https://www.yelp.com/menu/blr-by-shojo-boston-2,False,
https://www.yelp.com/biz/al-dente-restaurant-boston?osq=Seafood+Restaurant,https://www.yelp.com/menu/al-dente-restaurant-boston/dinner-menu,True,
https://www.yelp.com/biz/saigon-seafood-dorchester?osq=Seafood+Restaurant,https://www.yelp.com/menu/saigon-seafood-dorchester,False,
https://www.yelp.com/biz/captain-fishbones-quincy?osq=Seafood+Restaurant,https://www.yelp.com/menu/captain-fishbones-quincy/captain-fishbones-fall-winter-menu,False,
https://www.yelp.com/biz/brothers-crawfish-dorchester?osq=Seafood+Restaurant,http://www.brotherscrawfish.com/index-3.htm,False,
https://www.yelp.com/biz/75-on-liberty-wharf-boston?osq=Seafood+Restaurant,https://www.yelp.com/menu/75-on-liberty-wharf-boston/lunch,True,
https://www.yelp.com/biz/boston-chops-boston?osq=Seafood+Restaurant,https://www.yelp.com/menu/boston-chops-boston/weekend-brunch,False,
https://www.yelp.com/biz/rigoletto-ristorante-boston?osq=Seafood+Restaurant,https://www.yelp.com/menu/rigoletto-ristorante-boston,False,Rigoletto Ristorante
https://www.yelp.com/biz/thai-dish-authentic-cuisine-boston?osq=Seafood+Restaurant,https://www.yelp.com/menu/thai-dish-authentic-cuisine-boston/appetizers,False,Thai Dish Authentic Cuisine
https://www.yelp.com/biz/limoncello-ristorante-boston-2?osq=Seafood+Restaurant,https://www.yelp.com/menu/limoncello-ristorante-boston-2,False,Limoncello Ristorante
https://www.yelp.com/biz/rail-stop-restaurant-and-bar-boston-3?osq=Seafood+Restaurant,http://www.railstopboston.com/menus-download/,False,Rail Stop Restaurant & Bar
https://www.yelp.com/biz/venezia-boston?osq=Seafood+Restaurant,https://www.yelp.com/menu/venezia-boston/lunch-menu,True,
https://www.yelp.com/biz/the-paramount-boston?osq=Seafood+Restaurant,http://www.paramountboston.com/beaconhill/menu,False,
https://www.yelp.com/biz/davios-boston?osq=Seafood+Restaurant,http://davios.com/bos/dinner.php,True,
https://www.yelp.com/biz/oliveiras-steak-house-boston-2?osq=Seafood+Restaurant,https://www.yelp.com/menu/oliveiras-steak-house-boston-2,False,Oliveira’s Steak House
https://www.yelp.com/biz/fresh-pond-seafood-market-and-takeout-arlington?osq=Seafood+Restaurant,https://www.yelp.com/menu/fresh-pond-seafood-market-and-takeout-arlington/main-menu,True,Fresh Pond Seafood Market & Takeout
https://www.yelp.com/biz/fins-sushi-and-grill-boston?osq=Seafood+Restaurant,https://www.yelp.com/menu/fins-sushi-and-grill-boston/full-menu,False,Fin’s Sushi and Grill
https://www.yelp.com/biz/legal-fish-bowl-cambridge-2?osq=Seafood+Restaurant,https://www.yelp.com/menu/legal-fish-bowl-cambridge-2,False,
https://www.yelp.com/biz/legal-sea-foods-boston-52?osq=Seafood+Restaurant,https://www.yelp.com/menu/legal-sea-foods-boston-52/all-day-menu,False,
https://www.yelp.com/biz/strega-waterfront-boston?osq=Seafood+Restaurant,https://www.yelp.com/menu/strega-waterfront-boston/lunch-menu,False,
https://www.yelp.com/biz/la-cancun-boston?osq=Seafood+Restaurant,https://www.yelp.com/menu/la-cancun-boston,False,
https://www.yelp.com/biz/avana-sushi-boston?osq=Seafood+Restaurant,https://www.yelp.com/menu/avana-sushi-boston/full-menu,False,
https://www.yelp.com/biz/kaze-shabu-shabu-boston?osq=Seafood+Restaurant,http://www.kazeshabu.com/menu.html,False,
https://www.yelp.com/biz/villa-francesca-boston?osq=Seafood+Restaurant,https://www.yelp.com/menu/villa-francesca-boston/dinner-menu,True,
https://www.yelp.com/biz/back-bay-social-club-boston?osq=Seafood+Restaurant,http://www.backbaysocialclub.com/menu/,False,Back Bay Social Club
https://www.yelp.com/biz/o-ya-boston?osq=Seafood+Restaurant,https://www.yelp.com/menu/o-ya-boston/dinner-menu,False,
https://www.yelp.com/biz/dinos-boston-2?osq=Seafood+Restaurant,http://www.dinosnorthendboston.com/menu-.html,False,
https://www.yelp.com/biz/green-street-cambridge?osq=Seafood+Restaurant,http://www.greenstreetgrill.com/dinner.php,False,
https://www.yelp.com/biz/ward-8-boston?osq=Seafood+Restaurant,https://www.yelp.com/menu/ward-8-boston/dinner,True,
https://www.yelp.com/biz/rincon-lime%C3%B1o-restaurant-east-boston-2?osq=Seafood+Restaurant,https://www.yelp.com/menu/rincon-lime%C3%B1o-restaurant-east-boston-2,False,Rincon Limeño Restaurant
https://www.yelp.com/biz/porcinis-italian-restaurant-watertown?osq=Seafood+Restaurant,http://www.porcinis.com/menu.html,False,Porcinis Italian Restaurant
https://www.yelp.com/biz/naked-fish-waltham-2?osq=Seafood+Restaurant,https://www.yelp.com/menu/naked-fish-waltham-2/lunch,True,
https://www.yelp.com/biz/the-tap-trailhouse-boston-2?osq=Seafood+Restaurant,http://www.thetaptrailhouse.com/menu/,False,
https://www.yelp.com/biz/las-delicias-colombianas-2-boston?osq=Seafood+Restaurant,http://lasdeliciascolombianas.com/revere-menu/,False,Las Delicias Colombianas 2
https://www.yelp.com/biz/stockyard-restaurant-brighton-3?osq=Seafood+Restaurant,https://www.yelp.com/menu/stockyard-restaurant-brighton-3/lunch-menu,False,Stockyard Restaurant
https://www.yelp.com/biz/mount-vernon-somerville?osq=Seafood+Restaurant,http://www.mtvernonsomerville.com/menus/,False,
https://www.yelp.com/biz/navy-yard-bistro-and-wine-bar-charlestown?osq=Seafood+Restaurant,https://www.yelp.com/menu/navy-yard-bistro-and-wine-bar-charlestown/wine-beer-and-cocktails,False,
https://www.yelp.com/biz/la-famiglia-giorgios-boston-3?osq=Seafood+Restaurant,https://www.yelp.com/menu/la-famiglia-giorgios-boston-3/lunch-menu,False,La Famiglia Giorgio’s
https://www.yelp.com/biz/bricco-boston-6?osq=Seafood+Restaurant,https://www.yelp.com/menu/bricco-boston-6/main-menu,True,
https://www.yelp.com/biz/buk-kyung-somerville?osq=Seafood+Restaurant,http://bukkyungrestaurants.com/somerville/menu/,False,
https://www.yelp.com/biz/boston-kebab-house-boston?osq=Seafood+Restaurant,https://www.yelp.com/menu/boston-kebab-house-boston,False,
https://www.yelp.com/biz/doretta-taverna-and-raw-bar-boston?osq=Seafood+Restaurant,https://www.yelp.com/menu/doretta-taverna-and-raw-bar-boston/dinner-menu,False,Doretta Taverna & Raw Bar
https://www.yelp.com/biz/thaitation-boston?osq=Seafood+Restaurant,https://www.yelp.com/menu/thaitation-boston/lunch-menu,False,
https://www.yelp.com/biz/summer-shack-cambridge-cambridge?osq=Seafood+Restaurant,https://www.yelp.com/menu/summer-shack-cambridge-cambridge/lunch,False,Summer Shack Cambridge
https://www.yelp.com/biz/cactus-grill-boston-2?osq=Seafood+Restaurant,http://kelvingraf.wixsite.com/cactusgrillboston/menu,False,
https://www.yelp.com/biz/harpoon-brewery-boston-4?osq=Seafood+Restaurant,https://www.yelp.com/menu/harpoon-brewery-boston-4,False,
https://www.yelp.com/biz/figaros-revere-beach-revere?osq=Seafood+Restaurant,https://www.yelp.com/menu/figaros-revere-beach-revere,False,Figaro’s Revere Beach
https://www.yelp.com/biz/kava-neo-taverna-boston-2?osq=Seafood+Restaurant,http://www.kavaneotaverna.com/menu,False,
https://www.yelp.com/biz/flaming-grill-and-buffet-roslindale?osq=Seafood+Restaurant,http://www.flaminggrillandbuffet.com/menu,False,Flaming Grill & Buffet
https://www.yelp.com/biz/carlos-cucina-italiana-allston-2?osq=Seafood+Restaurant,http://carloscucinaitaliana.com/dinner-menu/,False,Carlo’s Cucina Italiana
https://www.yelp.com/biz/hingham-lobster-pound-hingham?osq=Seafood+Restaurant,http://www.hinghamlobster.net/menu.htm,True,Hingham Lobster Pound
https://www.yelp.com/biz/shabu-and-mein-cambridge-3?osq=Seafood+Restaurant,http://shabumein.com/menu.html,False,
https://www.yelp.com/biz/thai-basil-restaurant-boston-2?osq=Seafood+Restaurant,https://www.yelp.com/menu/thai-basil-restaurant-boston-2/full-menu,False,Thai Basil Restaurant
https://www.yelp.com/biz/fuji-at-ink-block-boston?osq=Seafood+Restaurant,http://www.fujiatinkblock.com/menu.html,False,
https://www.yelp.com/biz/legal-sea-foods-braintree-5?osq=Seafood+Restaurant,https://www.yelp.com/menu/legal-sea-foods-braintree-5/promotion,False,
https://www.yelp.com/biz/legal-c-bar-dedham-4?osq=Seafood+Restaurant,https://www.yelp.com/menu/legal-c-bar-dedham-4/promotion,False,
https://www.yelp.com/biz/new-dong-khanh-boston?osq=Seafood+Restaurant,http://www.newdongkhanh.com/our-menu/,False,
https://www.yelp.com/biz/billys-famous-roast-beef-and-seafood-wakefield?osq=Seafood+Restaurant,https://www.yelp.com/menu/billys-famous-roast-beef-and-seafood-wakefield,False,Billy’s Famous Roast Beef & Seafood
https://www.yelp.com/biz/shabu-zen-boston?osq=Seafood+Restaurant,http://www.shabuzen.com/menu.html,False,
https://www.yelp.com/biz/fishermans-restaurant-dedham?osq=Seafood+Restaurant,https://www.yelp.com/menu/fishermans-restaurant-dedham,False,Fisherman’s Restaurant
https://www.yelp.com/biz/nos-casa-cafe-boston?osq=Seafood+Restaurant,http://noscasacafe.weebly.com/our-menu.html,False,
https://www.yelp.com/biz/the-fours-restaurant-and-sports-bar-boston-8?osq=Seafood+Restaurant,https://www.yelp.com/menu/the-fours-restaurant-and-sports-bar-boston-8,True,The Four’s Restaurant & Sports Bar
https://www.yelp.com/biz/koy-boston?osq=Seafood+Restaurant,http://www.koyboston.com/menu/,False,
https://www.yelp.com/biz/ashburton-cafe-boston?osq=Seafood+Restaurant,https://www.yelp.com/menu/ashburton-cafe-boston,False,
https://www.yelp.com/biz/crudo-boston?osq=Seafood+Restaurant,http://crudoboston.com/index.php/menus/,False,
https://www.yelp.com/biz/churrascaria-vulc%C3%A3o-boston?osq=Seafood+Restaurant,http://www.churrascariavulcao.com/menu/,False,
https://www.yelp.com/biz/b-d-chilipa-restaurant-boston?osq=Seafood+Restaurant,http://www.chilipa.com/menu.html,False,B D Chilipa Restaurant
https://www.yelp.com/biz/bbq-chicken-boston?osq=Seafood+Restaurant,https://www.yelp.com/menu/bbq-chicken-boston,False,
https://www.yelp.com/biz/new-china-restaurant-boston?osq=Seafood+Restaurant,https://www.yelp.com/menu/new-china-restaurant-boston,False,New China Restaurant
https://www.yelp.com/biz/sorellina-boston?osq=Seafood+Restaurant,https://www.yelp.com/menu/sorellina-boston/dinner,False,
https://www.yelp.com/biz/post-390-boston?osq=Seafood+Restaurant,https://www.yelp.com/menu/post-390-boston/tavern-lunch-menu,False,
https://www.yelp.com/biz/mooo-restaurant-boston?osq=Seafood+Restaurant,https://www.yelp.com/menu/mooo-restaurant-boston/dinner,False,
https://www.yelp.com/biz/desfina-restaurant-cambridge?osq=Seafood+Restaurant,https://www.yelp.com/menu/desfina-restaurant-cambridge/lunch-menu,False,
https://www.yelp.com/biz/the-haven-jamaica-plain?osq=Seafood+Restaurant,http://thehavenjp.com/menu/,False,
https://www.yelp.com/biz/the-warren-tavern-charlestown?osq=Seafood+Restaurant,https://www.yelp.com/menu/the-warren-tavern-charlestown/brunch-menu,False,
https://www.yelp.com/biz/l-espalier-boston?osq=Seafood+Restaurant,http://www.lespalier.com/menu/,False,
https://www.yelp.com/biz/trident-galley-and-raw-bar-hingham-hingham?osq=Seafood+Restaurant,https://www.tridentrawbar.com/menu/,False,Trident Galley & Raw Bar - Hingham
https://www.yelp.com/biz/mistral-boston?osq=Seafood+Restaurant,https://www.yelp.com/menu/mistral-boston/dinner-menu,False,
https://www.yelp.com/biz/craigie-on-main-cambridge?osq=Seafood+Restaurant,https://www.craigieonmain.com/menus/,False,
https://www.yelp.com/biz/smith-and-wollensky-boston?osq=Seafood+Restaurant,https://www.yelp.com/menu/smith-and-wollensky-boston/bar-fare-cocktails-and-wine,False,
https://www.yelp.com/biz/montien-thai-restaurant-boston-8?osq=Seafood+Restaurant,https://montienboston.ordersnapp.com/menu,False,Montien Thai Restaurant
https://www.yelp.com/biz/sam-lagrassas-boston-3?osq=Seafood+Restaurant,http://www.samlagrassas.com/forms.php,False,
https://www.yelp.com/biz/blu-restaurant-and-bar-boston?osq=Seafood+Restaurant,http://www.blurestaurant.com/eat/,True,Blu Restaurant & Bar
https://www.yelp.com/biz/barlows-restaurant-boston?osq=Seafood+Restaurant,https://www.yelp.com/menu/barlows-restaurant-boston/brunch-drink-menu,False,
https://www.yelp.com/biz/strip-by-strega-boston?osq=Seafood+Restaurant,http://www.stripbystregaboston.com/menus/,False,
https://www.yelp.com/biz/tias-waterfront-boston?osq=Seafood+Restaurant,https://www.yelp.com/menu/tias-waterfront-boston,True,
https://www.yelp.com/biz/beantown-pho-and-grill-boston-2?osq=Seafood+Restaurant,https://www.yelp.com/menu/beantown-pho-and-grill-boston-2/lunch-menu,False,Beantown Pho & Grill
https://www.yelp.com/biz/kayuga-boston?osq=Seafood+Restaurant,https://www.yelp.com/menu/kayuga-boston/full-menu,False,
https://www.yelp.com/biz/woodys-grill-and-tap-boston-2?osq=Seafood+Restaurant,https://www.woodysfenway.com/menu/,False,Woody’s Grill and Tap
https://www.yelp.com/biz/sushiemon-boston?osq=Seafood+Restaurant,https://www.yelp.com/menu/sushiemon-boston,False,
https://www.yelp.com/biz/delfino-restaurant-roslindale?osq=Seafood+Restaurant,http://www.delfinorestaurant.com/menu.html,False,
https://www.yelp.com/biz/floramos-restaurant-chelsea?osq=Seafood+Restaurant,https://www.yelp.com/menu/floramos-restaurant-chelsea,False,Floramo’s Restaurant
https://www.yelp.com/biz/central-wharf-co-boston?osq=Seafood+Restaurant,https://www.yelp.com/menu/central-wharf-co-boston/dinner-menu,False,
https://www.yelp.com/biz/mmmac-and-cheese-boston?osq=Seafood+Restaurant,http://mmmacncheese.com/menu,False,
https://www.yelp.com/biz/grotto-boston?osq=Seafood+Restaurant,http://www.grottorestaurant.com/menus/index.php,False,
https://www.yelp.com/biz/sonsie-boston?osq=Seafood+Restaurant,https://www.yelp.com/menu/sonsie-boston/dinner-menu,False,
https://www.yelp.com/biz/stella-boston?osq=Seafood+Restaurant,http://www.bostonstella.com/menu.html,False,
https://www.yelp.com/biz/ginger-exchange-symphony-boston?osq=Seafood+Restaurant,https://www.yelp.com/menu/ginger-exchange-symphony-boston,False,Ginger Exchange Symphony
https://www.yelp.com/biz/sportello-boston?osq=Seafood+Restaurant,https://www.yelp.com/menu/sportello-boston/lunch-prix-fixe-menu,False,
https://www.yelp.com/biz/tri-seafood-restaurant-dorchester?osq=Seafood+Restaurant,https://www.yelp.com/menu/tri-seafood-restaurant-dorchester/full-menu,False,Tri Seafood Restaurant
https://www.yelp.com/biz/orinoco-boston?osq=Seafood+Restaurant,https://www.yelp.com/menu/orinoco-boston/full-menu,False,
https://www.yelp.com/biz/franklin-caf%C3%A9-boston-4?osq=Seafood+Restaurant,https://www.yelp.com/menu/franklin-caf%C3%A9-boston-4/dinner,False,
https://www.yelp.com/biz/wagamama-boston-21?osq=Seafood+Restaurant,https://www.wagamama.us/our-menu,False,
https://www.yelp.com/biz/oishii-boston-boston?osq=Seafood+Restaurant,http://oishiiboston.com/menu-wine.html,False,
https://www.yelp.com/biz/sammy-carlos-delicatessen-and-catering-east-boston?osq=Seafood+Restaurant,https://www.yelp.com/menu/sammy-carlos-delicatessen-and-catering-east-boston/breakfast-menu,False,Sammy Carlo’s Delicatessen & Catering
https://www.yelp.com/biz/aria-trattoria-boston?osq=Seafood+Restaurant,http://www.arianorthend.com/menu/,False,
https://www.yelp.com/biz/the-red-house-cambridge?osq=Seafood+Restaurant,https://www.yelp.com/menu/the-red-house-cambridge,True,
https://www.yelp.com/biz/new-york-pizza-boston-7?osq=Seafood+Restaurant,https://nypizza-boston.foodtecsolutions.com/menu,False,
https://www.yelp.com/biz/tupelo-cambridge-3?osq=Seafood+Restaurant,http://tupelo02139.com/menus/,False,
https://www.yelp.com/biz/t-sushi-wraps-and-noodles-boston?osq=Seafood+Restaurant,https://www.yelp.com/menu/t-sushi-wraps-and-noodles-boston,False,T Sushi Wraps & Noodles
https://www.yelp.com/biz/the-parish-cafe-boston?osq=Seafood+Restaurant,http://parishcafe.com/boylston/menu/,False,
https://www.yelp.com/biz/pho-countryside-boston-boston?osq=Seafood+Restaurant,http://boston.phocountrysidema.com/menu/,False,Pho Countryside Boston
https://www.yelp.com/biz/house-of-siam-boston?osq=Seafood+Restaurant,https://www.yelp.com/menu/house-of-siam-boston/full-menu,False,
https://www.yelp.com/biz/penang-boston?osq=Seafood+Restaurant,http://www.penangmalaysian.com/%3Fform%3Dordering,False,
https://www.yelp.com/biz/the-fat-cat-quincy?osq=Seafood+Restaurant,http://www.fatcatrestaurant.com/menus.html,False,
https://www.yelp.com/biz/serafina-boston?osq=Seafood+Restaurant,https://www.yelp.com/menu/serafina-boston/main-menu,False,
https://www.yelp.com/biz/shuns-kitchen-boston-2?osq=Seafood+Restaurant,https://www.yelp.com/menu/shuns-kitchen-boston-2,False,
https://www.yelp.com/biz/mala-restaurant-boston?osq=Seafood+Restaurant,http://www.allstonmala.com/menu.html,False,
https://www.yelp.com/biz/granary-tavern-boston?osq=Seafood+Restaurant,http://www.granarytavern.com/menus/lunch/,True,
https://www.yelp.com/biz/lobstah-on-a-roll-boston?osq=Seafood+Restaurant,https://lobstahonaroll.com/menu,False,
https://www.yelp.com/biz/black-seed-cafe-and-grill-boston-2?osq=Seafood+Restaurant,https://www.yelp.com/menu/black-seed-cafe-and-grill-boston-2/full-menu,False,Black Seed Cafe & Grill
https://www.yelp.com/biz/china-king-boston?osq=Seafood+Restaurant,https://www.yelp.com/menu/china-king-boston,False,
https://www.yelp.com/biz/rinconcito-salvadoreno-boston?osq=Seafood+Restaurant,https://www.yelp.com/menu/rinconcito-salvadoreno-boston,False,Rinconcito Salvadoreno
https://www.yelp.com/biz/seasons-52-burlington?osq=Seafood+Restaurant,https://www.yelp.com/menu/seasons-52-burlington/dinner-menu,False,
https://www.yelp.com/biz/double-chin-boston-3?osq=Seafood+Restaurant,http://www.doublechinbos.com/savory-bites/,False,
https://www.yelp.com/biz/meridian-food-market-east-boston?osq=Seafood+Restaurant,https://www.yelp.com/menu/meridian-food-market-east-boston,False,Meridian Food Market
https://www.yelp.com/biz/marias-restaurant-braintree?osq=Seafood+Restaurant,https://www.yelp.com/menu/marias-restaurant-braintree/dinner-menu,False,
https://www.yelp.com/biz/barcelona-brookline-brookline-3?osq=Seafood+Restaurant,http://www.barcelonawinebar.com/brooklinemenus.htm,False,
https://www.yelp.com/biz/douzo-boston?osq=Seafood+Restaurant,http://douzosushi.com/menu/,False,
https://www.yelp.com/biz/love-art-sushi-boston?osq=Seafood+Restaurant,https://www.yelp.com/menu/love-art-sushi-boston,False,
https://www.yelp.com/biz/wai-style-restaurant-boston?osq=Seafood+Restaurant,https://www.yelp.com/menu/wai-style-restaurant-boston,False,Wai Style Restaurant
https://www.yelp.com/biz/fins-sushi-and-grill-boston-2?osq=Seafood+Restaurant,https://www.yelp.com/menu/fins-sushi-and-grill-boston-2/full-menu,False,Fins Sushi and Grill
https://www.yelp.com/biz/popeyes-louisiana-kitchen-boston-4?osq=Seafood+Restaurant,http://popeyes.com/menu/,False,Popeyes Louisiana Kitchen
https://www.yelp.com/biz/parkers-restaurant-boston?osq=Seafood+Restaurant,http://www.omnihotels.com/hotels/boston-parker-house/dining/parkers-restaurant,False,
https://www.yelp.com/biz/beneventos-boston?osq=Seafood+Restaurant,https://www.yelp.com/menu/beneventos-boston,False,
https://www.yelp.com/biz/les-vietnamese-resturant-allston-2?osq=Seafood+Restaurant,https://www.yelp.com/menu/les-vietnamese-resturant-allston-2,False,Le’s Vietnamese Resturant
https://www.yelp.com/biz/coda-boston?osq=Seafood+Restaurant,http://www.codaboston.com/menu.htm,False,
https://www.yelp.com/biz/the-maiden-boston?osq=Seafood+Restaurant,http://themaidenboston.com/menu/,False,
https://www.yelp.com/biz/park-restaurant-and-bar-cambridge?osq=Seafood+Restaurant,http://www.parkcambridge.com/menu/dinner/,False,Park Restaurant & Bar
https://www.yelp.com/biz/the-similans-cambridge?osq=Seafood+Restaurant,https://www.yelp.com/menu/the-similans-cambridge,False,
https://www.yelp.com/biz/peach-farm-boston?osq=Seafood+Restaurant,http://peachfarmboston.com/menu,False,
https://www.yelp.com/biz/mida-boston?osq=Seafood+Restaurant,https://www.yelp.com/menu/mida-boston/dinner-menu,False,
https://www.yelp.com/biz/golden-star-chinese-restaurant-boston-2?osq=Seafood+Restaurant,http://www.goldenstardorchester.com/Menu_1/menu_1.html,False,Golden Star Chinese Restaurant
https://www.yelp.com/biz/saigon-hut-boston-3?osq=Seafood+Restaurant,http://www.saigonhutrestaurant.com/menu,False,
https://www.yelp.com/biz/lamberts-rainbow-market-dorchester?osq=Seafood+Restaurant,https://www.yelp.com/menu/lamberts-rainbow-market-dorchester/sandwich-builder,False,Lambert’s Rainbow Market
https://www.yelp.com/biz/chinatown-cafe-boston?osq=Seafood+Restaurant,https://www.yelp.com/menu/chinatown-cafe-boston,False,
https://www.yelp.com/biz/angelas-cafe-eagle-hill-boston?osq=Seafood+Restaurant,http://www.angelascafeboston.com/menu,False,Angela’s Cafe - Eagle Hill
https://www.yelp.com/biz/d-parma-restaurant-winthrop?osq=Seafood+Restaurant,https://www.yelp.com/menu/d-parma-restaurant-winthrop,False,
https://www.yelp.com/biz/asian-house-restaurant-boston?osq=Seafood+Restaurant,https://www.yelp.com/menu/asian-house-restaurant-boston/full-menu,False,Asian House Restaurant
https://www.yelp.com/biz/num-pang-kitchen-boston?osq=Seafood+Restaurant,http://www.numpangkitchen.com/menus-boston/,False,
https://www.yelp.com/biz/central-kitchen-cambridge?osq=Seafood+Restaurant,https://www.yelp.com/menu/central-kitchen-cambridge/dinner-menu,False,
https://www.yelp.com/biz/giulia-cambridge?osq=Seafood+Restaurant,https://www.yelp.com/menu/giulia-cambridge/main-menu,True,
https://www.yelp.com/biz/bisq-cambridge?osq=Seafood+Restaurant,http://www.bisqcambridge.com/menu/,False,
https://www.yelp.com/biz/machu-picchu-somerville?osq=Seafood+Restaurant,https://www.yelp.com/menu/machu-picchu-somerville/hot-appetizers,False,
https://www.yelp.com/biz/lemon-thai-cuisine-somerville-2?osq=Seafood+Restaurant,https://www.yelp.com/menu/lemon-thai-cuisine-somerville-2/full-menu,False,
https://www.yelp.com/biz/bastille-kitchen-boston?osq=Seafood+Restaurant,https://www.yelp.com/menu/bastille-kitchen-boston/dinner-menu,False,
https://www.yelp.com/biz/shabumaru-boston?osq=Seafood+Restaurant,http://shabumaru.com/menu/,False,
https://www.yelp.com/biz/depot-square-grille-medford?osq=Seafood+Restaurant,https://www.yelp.com/menu/depot-square-grille-medford,False,
https://www.yelp.com/biz/trattoria-di-monica-boston?osq=Seafood+Restaurant,https://www.yelp.com/menu/trattoria-di-monica-boston/main-main,False,
https://www.yelp.com/biz/city-table-boston?osq=Seafood+Restaurant,https://www.yelp.com/menu/city-table-boston/desserts-menu,False,
https://www.yelp.com/biz/nappis-restaurant-medford?osq=Seafood+Restaurant,http://www.nappirestaurant.com/menu.html,False,
https://www.yelp.com/biz/port-305-quincy-2?osq=Seafood+Restaurant,https://www.yelp.com/menu/port-305-quincy-2,False,
https://www.yelp.com/biz/harvest-cambridge?osq=Seafood+Restaurant,https://www.yelp.com/menu/harvest-cambridge/dinner,False,
https://www.yelp.com/biz/precinct-kitchen-bar-boston?osq=Seafood+Restaurant,http://www.precinctkitchenandbar.com/precinct-kitchen-menus.html,False,Precinct Kitchen + Bar
https://www.yelp.com/biz/taco-mex-boston-3?osq=Seafood+Restaurant,http://www.tacomexboston.com/menu,False,
https://www.yelp.com/biz/van-shabu-and-bar-boston?osq=Seafood+Restaurant,https://www.yelp.com/menu/van-shabu-and-bar-boston,False,
https://www.yelp.com/biz/temazcal-tequila-cantina-boston?osq=Seafood+Restaurant,http://www.temazcalcantina.com/en-us/menus/temazcalseaportmenus2.aspx,False,Temazcal Tequila Cantina
https://www.yelp.com/biz/siros-restaurant-and-blue-quincy?osq=Seafood+Restaurant,http://www.eatdrinkminglegroup.com/siros-restaurant.html,False,Siros Restaurant & Blue
https://www.yelp.com/biz/cappys-pizza-and-subs-boston-2?osq=Seafood+Restaurant,http://www.cappyspizza.com/menu-s.php,False,Cappy’s Pizza & Subs
https://www.yelp.com/biz/parla-boston?osq=Seafood+Restaurant,http://www.parlaboston.com/dinner-new/,False,
https://www.yelp.com/biz/the-cellar-cambridge?osq=Seafood+Restaurant,https://thecellarcambridge.com/blog/,False,
https://www.yelp.com/biz/l-osteria-boston?osq=Seafood+Restaurant,https://www.yelp.com/menu/l-osteria-boston,False,
https://www.yelp.com/biz/tampopo-cambridge?osq=Seafood+Restaurant,http://www.tampopocambridge.com/menu.html,False,
https://www.yelp.com/biz/deli-one-boston?osq=Seafood+Restaurant,https://www.yelp.com/menu/deli-one-boston,False,
https://www.yelp.com/biz/aks-takeout-and-delivery-boston?osq=Seafood+Restaurant,https://www.yelp.com/menu/aks-takeout-and-delivery-boston/full-menu,False,AK’s Takeout & Delivery
https://www.yelp.com/biz/amelias-trattoria-cambridge?osq=Seafood+Restaurant,http://ameliastrattoria.com/menu_wine.php,False,
https://www.yelp.com/biz/the-new-ho-toy-boston?osq=Seafood+Restaurant,http://newhotoy.com/products.html,False,
https://www.yelp.com/biz/liberty-bell-roast-beef-and-seafood-melrose?osq=Seafood+Restaurant,http://libertybellmelrose.com/menu.html,False,Liberty Bell Roast Beef and Seafood
https://www.yelp.com/biz/fins-sushi-and-grill-boston-3?osq=Seafood+Restaurant,https://www.yelp.com/menu/fins-sushi-and-grill-boston-3/full-menu,False,
https://www.yelp.com/biz/no-9-park-boston?osq=Seafood+Restaurant,http://no9park.com/menus/,False,
https://www.yelp.com/biz/the-druid-cambridge?osq=Seafood+Restaurant,https://www.yelp.com/menu/the-druid-cambridge,False,
https://www.yelp.com/biz/carrie-nation-restaurant-and-cocktail-club-boston?osq=Seafood+Restaurant,https://www.yelp.com/menu/carrie-nation-restaurant-and-cocktail-club-boston/lunch-menu,False,Carrie Nation Restaurant & Cocktail Club
https://www.yelp.com/biz/full-moon-cambridge?osq=Seafood+Restaurant,https://www.yelp.com/menu/full-moon-cambridge,False,
https://www.yelp.com/biz/kelley-square-pub-east-boston?osq=Seafood+Restaurant,http://www.kelleyssquarepub.com/east-boston-menu-2/,False,
https://www.yelp.com/biz/boston-burger-boston?osq=Seafood+Restaurant,https://www.yelp.com/menu/boston-burger-boston,False,
https://www.yelp.com/biz/les-zygomates-boston-2?osq=Seafood+Restaurant,https://www.yelp.com/menu/les-zygomates-boston-2/dine-out-menu,False,
https://www.yelp.com/biz/mu-lan-cambridge?osq=Seafood+Restaurant,http://mulantaiwan.com/menu.html,False,
https://www.yelp.com/biz/lucy-ethiopian-cafe-boston-2?osq=Seafood+Restaurant,https://www.yelp.com/menu/lucy-ethiopian-cafe-boston-2,False,
https://www.yelp.com/biz/bacco-boston?osq=Seafood+Restaurant,https://www.yelp.com/menu/bacco-boston/main-menu,False,
https://www.yelp.com/biz/canton-eatery-boston?osq=Seafood+Restaurant,http://www.cantoneatery.com/menu.html,False,
https://www.yelp.com/biz/seoul-boston-boston-2?osq=Seafood+Restaurant,http://seoulfoodboston.com,False,
https://www.yelp.com/biz/caf%C3%A9-luna-cambridge-3?osq=Seafood+Restaurant,http://www.cafeluna-centralsq.com/lunch/,False,
https://www.yelp.com/biz/the-palm-boston-boston?osq=Seafood+Restaurant,https://www.yelp.com/menu/the-palm-boston-boston/lunch-menu,False,
https://www.yelp.com/biz/dorado-tacos-and-cemitas-brookline?osq=Seafood+Restaurant,https://www.yelp.com/menu/dorado-tacos-and-cemitas-brookline/brunch-menu,False,Dorado Tacos & Cemitas
https://www.yelp.com/biz/mi-rancho-restaurant-boston-2?osq=Seafood+Restaurant,http://www.miranchoboston.com/men%25C3%25BA.html,False,Mi Rancho Restaurant
https://www.yelp.com/biz/terramia-ristorante-boston?osq=Seafood+Restaurant,http://www.terramiaristorante.com/food-menu/,False,
https://www.yelp.com/biz/fogo-de-ch%C3%A3o-brazilian-steakhouse-boston-4?osq=Seafood+Restaurant,https://www.yelp.com/menu/fogo-de-ch%C3%A3o-brazilian-steakhouse-boston-4/bar-menu,False,Fogo de Chão Brazilian Steakhouse
https://www.yelp.com/biz/mi-pueblito-orient-heights-boston?osq=Seafood+Restaurant,http://www.mipueblitoorientheight.com/menu.html,False,Mi Pueblito Orient Heights
https://www.yelp.com/biz/jerry-remys-boston-4?osq=Seafood+Restaurant,https://www.yelp.com/menu/jerry-remys-boston-4,True,
https://www.yelp.com/biz/zc-boston-boston?osq=Seafood+Restaurant,https://www.yelp.com/menu/zc-boston-boston/japanese-menu,False,
https://www.yelp.com/biz/billy-tse-restaurant-boston?osq=Seafood+Restaurant,https://www.yelp.com/menu/billy-tse-restaurant-boston/main-menu,False,Billy Tse Restaurant
https://www.yelp.com/biz/capo-restaurant-boston?osq=Seafood+Restaurant,http://Www.caposouthboston.com/menu,False,
https://www.yelp.com/biz/santarpios-pizza-boston-2?osq=Seafood+Restaurant,http://www.santarpiospizza.com/menu.html,False,
https://www.yelp.com/biz/sterlings-boston?osq=Seafood+Restaurant,http://www.sterlingsboston.com/menus/,False,
https://www.yelp.com/biz/hmart-cambridge-2?osq=Seafood+Restaurant,https://www.yelp.com/menu/hmart-cambridge-2,False,
https://www.yelp.com/biz/volare-restaurant-and-bar-revere?osq=Seafood+Restaurant,http://volarerevere.com/our-menu.html,False,Volare Restaurant and Bar
https://www.yelp.com/biz/abigails-restaurant-cambridge?osq=Seafood+Restaurant,https://www.yelp.com/menu/abigails-restaurant-cambridge/cocktail-menu,False,Abigail’s Restaurant
https://www.yelp.com/biz/tasca-spanish-restaurant-and-bar-brighton?osq=Seafood+Restaurant,https://www.yelp.com/menu/tasca-spanish-restaurant-and-bar-brighton/tasca-menu,False,Tasca Spanish Restaurant & Bar
https://www.yelp.com/biz/bangkok-pinto-boston?osq=Seafood+Restaurant,http://bangkokpinto.eat24hour.com/menu,False,
https://www.yelp.com/biz/coppa-boston-2?osq=Seafood+Restaurant,https://www.yelp.com/menu/coppa-boston-2/lunch-and-dinner,False,
https://www.yelp.com/biz/irashai-sushi-and-teriyaki-boston?osq=Seafood+Restaurant,http://www.irashaisushi.com/menu.html,False,Irashai Sushi and Teriyaki
https://www.yelp.com/biz/clover-food-truck-boston-16?osq=Seafood+Restaurant,http://menu.cloverfoodlab.com/,False,
https://www.yelp.com/biz/blackstone-grill-boston?osq=Seafood+Restaurant,https://www.yelp.com/menu/blackstone-grill-boston,False,
https://www.yelp.com/biz/teriyaki-house-boston?osq=Seafood+Restaurant,https://www.yelp.com/menu/teriyaki-house-boston/chinese-menu,False,
https://www.yelp.com/biz/ittoku-boston?osq=Seafood+Restaurant,https://www.yelp.com/menu/ittoku-boston,False,
https://www.yelp.com/biz/antico-forno-boston-4?osq=Seafood+Restaurant,https://www.yelp.com/menu/antico-forno-boston-4,True,
https://www.yelp.com/biz/north-26-boston?osq=Seafood+Restaurant,https://www.yelp.com/menu/north-26-boston/breakfast,False,
https://www.yelp.com/biz/petsi-pies-cambridge-2?osq=Seafood+Restaurant,http://petsipies.com/menu/,False,
https://www.yelp.com/biz/sichuan-taste-malden?osq=Seafood+Restaurant,https://www.yelp.com/menu/sichuan-taste-malden,False,
https://www.yelp.com/biz/massiminos-boston?osq=Seafood+Restaurant,https://www.yelp.com/menu/massiminos-boston,True,
https://www.yelp.com/biz/alden-and-harlow-cambridge?osq=Seafood+Restaurant,https://www.yelp.com/menu/alden-and-harlow-cambridge/dinner,False,
https://www.yelp.com/biz/fargos-deli-of-course-boston-2?osq=Seafood+Restaurant,https://www.yelp.com/menu/fargos-deli-of-course-boston-2,False,Fargo’s Deli Of Course
https://www.yelp.com/biz/five-star-pizza-grill-boston?osq=Seafood+Restaurant,http://fivestarpizzagrill.com/menu.html,False,Five Star Pizza Grill
https://www.yelp.com/biz/anthem-kitchen-and-bar-boston?osq=Seafood+Restaurant,http://www.anthem-boston.com/menu,False,Anthem Kitchen and Bar
https://www.yelp.com/biz/do%C3%B1a-habana-boston?osq=Seafood+Restaurant,http://donahabanarestaurant.com/menu/,False,
https://www.yelp.com/biz/ma-magoos-pizza-and-sub-shop-cambridge?osq=Seafood+Restaurant,https://www.yelp.com/menu/ma-magoos-pizza-and-sub-shop-cambridge,False,Ma Magoo’s Pizza & Sub Shop
https://www.yelp.com/biz/stephis-in-southie-boston-2?osq=Seafood+Restaurant,http://www.stephisinsouthie.com/menus.html,False,
https://www.yelp.com/biz/hollywood-market-boston?osq=Seafood+Restaurant,https://www.yelp.com/menu/hollywood-market-boston,False,
https://www.yelp.com/biz/sams-kitchen-woburn?osq=Seafood+Restaurant,https://www.yelp.com/menu/sams-kitchen-woburn,False,
https://www.yelp.com/biz/pellinos-ristorante-boston?osq=Seafood+Restaurant,https://www.yelp.com/menu/pellinos-ristorante-boston,False,Pellino’s Ristorante
https://www.yelp.com/biz/vee-vee-jamaica-plain?osq=Seafood+Restaurant,http://www.veeveejp.com/menu.html,False,
https://www.yelp.com/biz/bristol-restaurant-and-bar-boston?osq=Seafood+Restaurant,http://www.fourseasons.com/boston/dining/%3Fc%3Dt%26_s_icmp%3Dmmenu,False,Bristol Restaurant and Bar
https://www.yelp.com/biz/green-dragon-tavern-boston?osq=Seafood+Restaurant,https://www.yelp.com/menu/green-dragon-tavern-boston/lunch-menu,False,
https://www.yelp.com/biz/quic-pic-bbq-boston?osq=Seafood+Restaurant,http://quicpicbbq.com/quic-pic-bbq-menu.html,False,
https://www.yelp.com/biz/fish-market-sushi-bar-allston?osq=Seafood+Restaurant,http://www.fishmarketsushibar.com/menu.asp,False,Fish Market Sushi Bar
https://www.yelp.com/biz/petes-seafood-boston?osq=Seafood+Restaurant,http://petesboston.com/menu.html,False,
https://www.yelp.com/biz/area-four-cambridge?osq=Seafood+Restaurant,https://www.yelp.com/menu/area-four-cambridge/not-pizza,False,
https://www.yelp.com/biz/bombay-club-boston?osq=Seafood+Restaurant,https://www.yelp.com/menu/bombay-club-boston,False,
https://www.yelp.com/biz/the-hideout-boston-2?osq=Seafood+Restaurant,https://www.yelp.com/menu/the-hideout-boston-2/main,False,
https://www.yelp.com/biz/wings-kitchen-boston-2?osq=Seafood+Restaurant,https://www.yelp.com/menu/wings-kitchen-boston-2,False,
https://www.yelp.com/biz/cheers-boston?osq=Seafood+Restaurant,https://www.yelp.com/menu/cheers-boston/main-menu,False,
https://www.yelp.com/biz/estragon-boston?osq=Seafood+Restaurant,https://www.yelp.com/menu/estragon-boston/main-menu,False,
https://www.yelp.com/biz/chef-changs-on-back-bay-boston?osq=Seafood+Restaurant,https://www.yelp.com/menu/chef-changs-on-back-bay-boston/full-menu,False,Chef Chang’s on Back Bay
https://www.yelp.com/biz/taqueria-el-carrizal-allston?osq=Seafood+Restaurant,https://www.yelp.com/menu/taqueria-el-carrizal-allston,False,Taqueria El Carrizal
https://www.yelp.com/biz/cafe-fleuri-boston?osq=Seafood+Restaurant,https://www.yelp.com/menu/cafe-fleuri-boston/breakfast-menu,False,
https://www.yelp.com/biz/pho-viets-boston-3?osq=Seafood+Restaurant,https://www.yelp.com/menu/pho-viets-boston-3,False,
https://www.yelp.com/biz/farandole-boston?osq=Seafood+Restaurant,https://www.yelp.com/menu/farandole-boston,False,
https://www.yelp.com/biz/brown-sugar-cafe-boston-2?osq=Seafood+Restaurant,http://www.brownsugarcafe.com/commave/lun_app.php3,False,
https://www.yelp.com/biz/lanis-pizza-boston?osq=Seafood+Restaurant,https://www.yelp.com/menu/lanis-pizza-boston,False,
https://www.yelp.com/biz/il-panino-cafe-and-grill-jamaica-plain?osq=Seafood+Restaurant,https://www.yelp.com/menu/il-panino-cafe-and-grill-jamaica-plain/pizza-menu,False,Il Panino Cafe & Grill
https://www.yelp.com/biz/pollos-a-la-brasa-el-chalan-boston?osq=Seafood+Restaurant,https://www.yelp.com/menu/pollos-a-la-brasa-el-chalan-boston,False,Pollos A La Brasa El Chalan
https://www.yelp.com/biz/trade-boston?osq=Seafood+Restaurant,http://trade-boston.com/menu/,False,
https://www.yelp.com/biz/rock-bottom-restaurant-and-brewery-boston-2?osq=Seafood+Restaurant,http://menu.rockbottom.com/boston,False,Rock Bottom Restaurant & Brewery
https://www.yelp.com/biz/hot-eastern-boston-2?osq=Seafood+Restaurant,https://www.yelp.com/menu/hot-eastern-boston-2/full-menu,False,
https://www.yelp.com/biz/ninos-ristorante-italiano-revere-2?osq=Seafood+Restaurant,http://www.ninosristoranteitaliano.com/menu/,False,Nino’s Ristorante Italiano
https://www.yelp.com/biz/dali-restaurant-and-tapas-bar-somerville?osq=Seafood+Restaurant,https://www.yelp.com/menu/dali-restaurant-and-tapas-bar-somerville,False,Dali Restaurant & Tapas Bar
https://www.yelp.com/biz/d-guru-restaurant-boston?osq=Seafood+Restaurant,http://www.guruthecaterer.com/bostonmenu.html,False,
https://www.yelp.com/biz/odyssey-cruises-boston-boston?osq=Seafood+Restaurant,https://www.odysseycruises.com/boston/about/menu/dinner,False,Odyssey Cruises Boston
https://www.yelp.com/biz/teatro-boston?osq=Seafood+Restaurant,https://www.yelp.com/menu/teatro-boston/dinner,True,
https://www.yelp.com/biz/cha-yen-thai-cookery-watertown?osq=Seafood+Restaurant,https://www.yelp.com/menu/cha-yen-thai-cookery-watertown,False,Cha Yen Thai Cookery
https://www.yelp.com/biz/stephis-on-tremont-boston?osq=Seafood+Restaurant,https://www.yelp.com/menu/stephis-on-tremont-boston/brunch-menu,False,
https://www.yelp.com/biz/prezza-boston-2?osq=Seafood+Restaurant,https://www.yelp.com/menu/prezza-boston-2/dinner-menu,True,
https://www.yelp.com/biz/alamo-roast-beef-and-seafood-medford?osq=Seafood+Restaurant,https://www.yelp.com/menu/alamo-roast-beef-and-seafood-medford,False,Alamo Roast Beef & Seafood
https://www.yelp.com/biz/hsin-hsin-boston?osq=Seafood+Restaurant,http://www.hsinhsincafe.com/menu_combo.php,False,
https://www.yelp.com/biz/emerald-lounge-boston?osq=Seafood+Restaurant,https://www.yelp.com/menu/emerald-lounge-boston/main-menu,False,
https://www.yelp.com/biz/teriyaki-house-boston-2?osq=Seafood+Restaurant,http://teriyakihouse.com/order-online/,False,
https://www.yelp.com/biz/puritan-and-company-cambridge?osq=Seafood+Restaurant,http://www.puritancambridge.com/menus/,True,
https://www.yelp.com/biz/punto-rojo-east-boston?osq=Seafood+Restaurant,https://www.yelp.com/menu/punto-rojo-east-boston,False,
https://www.yelp.com/biz/tavern-at-the-end-of-the-world-charlestown-2?osq=Seafood+Restaurant,http://www.tavernattheendoftheworld.com/menu/,False,Tavern at the End of the World
https://www.yelp.com/biz/zephyr-on-the-charles-cambridge?osq=Seafood+Restaurant,http://www.cambridge.hyatt.com/hyatt/hotels/entertainment/rooms/index.jsp%3Bjsessionid%3D8c8f3bb85ba5537addd72321b78ab9a7.atg04-prd-atg3,False,Zephyr On the Charles
https://www.yelp.com/biz/vejigantes-boston-2?osq=Seafood+Restaurant,https://www.yelp.com/menu/vejigantes-boston-2,False,
https://www.yelp.com/biz/asian-garden-boston?osq=Seafood+Restaurant,https://www.yelp.com/menu/asian-garden-boston,False,
https://www.yelp.com/biz/great-taste-bakery-and-restaurant-boston?osq=Seafood+Restaurant,http://www.bostongreattastebakery.com/bakery_menu.html,False,Great Taste Bakery & Restaurant
https://www.yelp.com/biz/china-gourmet-restaurant-boston?osq=Seafood+Restaurant,https://www.yelp.com/menu/china-gourmet-restaurant-boston,False,China Gourmet Restaurant
https://www.yelp.com/biz/uno-due-go-boston?osq=Seafood+Restaurant,http://980.unoduego.com/zgrid/proc/site/sitep.jsp,False,
https://www.yelp.com/biz/fugakyu-japanese-cuisine-brookline-2?osq=Seafood+Restaurant,http://www.fugakyu.net/brookline/menu/,False,Fugakyu Japanese Cuisine
https://www.yelp.com/biz/alia-ristorante-winthrop?osq=Seafood+Restaurant,https://www.yelp.com/menu/alia-ristorante-winthrop,False,
https://www.yelp.com/biz/top-of-the-hub-boston?osq=Seafood+Restaurant,http://www.topofthehub.net/menu/,False,
https://www.yelp.com/biz/gourmet-garden-boston?osq=Seafood+Restaurant,https://www.yelp.com/menu/gourmet-garden-boston/full-menu,False,
https://www.yelp.com/biz/gourmet-dumpling-house-boston-3?osq=Seafood+Restaurant,https://www.yelp.com/menu/gourmet-dumpling-house-boston-3,False,Gourmet Dumpling House
https://www.yelp.com/biz/liberty-bell-stoneham?osq=Seafood+Restaurant,https://www.yelp.com/menu/liberty-bell-stoneham,False,
https://www.yelp.com/biz/jevelis-restaurant-boston?osq=Seafood+Restaurant,https://www.yelp.com/menu/jevelis-restaurant-boston/luncheon-menu,False,
https://www.yelp.com/biz/beacon-street-pizza-somerville?osq=Seafood+Restaurant,https://www.yelp.com/menu/beacon-street-pizza-somerville,False,
https://www.yelp.com/biz/the-hen-house-wings-n-waffles-boston?osq=Seafood+Restaurant,https://www.yelp.com/menu/the-hen-house-wings-n-waffles-boston,False,The Hen House Wings ‘n Waffles
https://www.yelp.com/biz/ichiban-yakitori-sushi-house-boston?osq=Seafood+Restaurant,https://www.yelp.com/menu/ichiban-yakitori-sushi-house-boston/yakitori-grilled-and-skewers,False,Ichiban Yakitori Sushi House
https://www.yelp.com/biz/sofia-italian-steakhouse-west-roxbury-2?osq=Seafood+Restaurant,https://www.yelp.com/menu/sofia-italian-steakhouse-west-roxbury-2/lunch-menu,False,Sofia Italian Steakhouse
https://www.yelp.com/biz/moko-japanese-cuisine-boston?osq=Seafood+Restaurant,http://mokoboston.com/menu/,False,Moko Japanese Cuisine
https://www.yelp.com/biz/the-black-rose-boston?osq=Seafood+Restaurant,http://www.blackroseboston.com/menus/,False,
https://www.yelp.com/biz/porthole-lynn?osq=Seafood+Restaurant,https://www.yelp.com/menu/porthole-lynn,True,
https://www.yelp.com/biz/boston-pizza-stop-and-cafe-boston?osq=Seafood+Restaurant,https://www.yelp.com/menu/boston-pizza-stop-and-cafe-boston/pizza-menu,False,Boston Pizza Stop & Cafe
https://www.yelp.com/biz/olive-cafe-cambridge?osq=Seafood+Restaurant,https://www.yelp.com/menu/olive-cafe-cambridge/pizza-menu,False,
https://www.yelp.com/biz/moona-cambridge?osq=Seafood+Restaurant,http://www.moonarestaurant.com/menu/,False,
https://www.yelp.com/biz/ko-catering-and-pies-south-boston?osq=Seafood+Restaurant,https://www.yelp.com/menu/ko-catering-and-pies-south-boston,False,KO Catering and Pies
https://www.yelp.com/biz/aquitaine-boston-3?osq=Seafood+Restaurant,https://www.yelp.com/menu/aquitaine-boston-3/dinner,True,
https://www.yelp.com/biz/yamato-ii-boston-3?osq=Seafood+Restaurant,http://yamato02116.com/menu.asp,False,
https://www.yelp.com/biz/pizzatalia-roxbury?osq=Seafood+Restaurant,https://www.yelp.com/menu/pizzatalia-roxbury/pizza,False,
https://www.yelp.com/biz/nanning-wok-boston?osq=Seafood+Restaurant,http://nanningboston.com/menu.html,False,
https://www.yelp.com/biz/m-and-j-teriyaki-boston?osq=Seafood+Restaurant,https://www.yelp.com/menu/m-and-j-teriyaki-boston,False,
https://www.yelp.com/biz/mother-annas-restaurant-boston?osq=Seafood+Restaurant,https://www.yelp.com/menu/mother-annas-restaurant-boston/dinner-menu,False,Mother Anna’s Restaurant
https://www.yelp.com/biz/central-newton-2?osq=Seafood+Restaurant,https://www.centralnewton.com/enu/,False,
https://www.yelp.com/biz/wasabi-at-porter-cambridge?osq=Seafood+Restaurant,http://www.wasabicambridge.com/menu.php,False,
https://www.yelp.com/biz/caskn-flagon-boston-2?osq=Seafood+Restaurant,http://www.casknflagon.com/menus/,False,
https://www.yelp.com/biz/the-capital-grille-chestnut-hill-2?osq=Seafood+Restaurant,https://www.yelp.com/menu/the-capital-grille-chestnut-hill-2/dinner-menu,False,
https://www.yelp.com/biz/tempo-waltham?osq=Seafood+Restaurant,https://www.yelp.com/menu/tempo-waltham,False,
https://www.yelp.com/biz/emmets-irish-pub-and-restaurant-boston?osq=Seafood+Restaurant,https://www.yelp.com/menu/emmets-irish-pub-and-restaurant-boston/dinner-menu,False,Emmet’s Irish Pub & Restaurant
https://www.yelp.com/biz/skampa-cambridge?osq=Seafood+Restaurant,https://www.yelp.com/menu/skampa-cambridge/pizza-menu,False,
https://www.yelp.com/biz/bambara-cambridge-cambridge?osq=Seafood+Restaurant,https://www.yelp.com/menu/bambara-cambridge-cambridge/dinner,True,
https://www.yelp.com/biz/lillys-gourmet-pasta-express-boston?osq=Seafood+Restaurant,http://www.lillysgourmetpasta.com/menu.html,False,Lilly’s Gourmet Pasta Express
https://www.yelp.com/biz/metropolis-boston-4?osq=Seafood+Restaurant,https://www.yelp.com/menu/metropolis-boston-4/brunch-menu,False,
https://www.yelp.com/biz/grasshopper-restaurant-allston?osq=Seafood+Restaurant,http://www.grasshoppervegan.com/menu.aspx,False,Grasshopper Restaurant
https://www.yelp.com/biz/deuxave-boston?osq=Seafood+Restaurant,https://www.yelp.com/menu/deuxave-boston/dinner,False,
https://www.yelp.com/biz/dragon-bowl-boston?osq=Seafood+Restaurant,https://www.yelp.com/menu/dragon-bowl-boston/full-menu,False,
https://www.yelp.com/biz/stoddards-fine-food-and-ale-boston?osq=Seafood+Restaurant,https://www.yelp.com/menu/stoddards-fine-food-and-ale-boston/dinner-fall-2016,False,Stoddard’s Fine Food & Ale
https://www.yelp.com/biz/sarma-somerville?osq=Seafood+Restaurant,http://www.sarmarestaurant.com/our-menus/,False,
https://www.yelp.com/biz/taco-el-paso-everett?osq=Seafood+Restaurant,https://www.yelp.com/menu/taco-el-paso-everett,False,
https://www.yelp.com/biz/winsor-dim-sum-caf%C3%A9-boston-2?osq=Seafood+Restaurant,https://www.yelp.com/menu/winsor-dim-sum-caf%C3%A9-boston-2,False,
https://www.yelp.com/biz/g-bar-and-kitchen-swampscott-2?osq=Seafood+Restaurant,http://www.grestaurant.com/menu/,False,
https://www.yelp.com/biz/mikes-pastry-boston?osq=Seafood+Restaurant,http://www.mikespastry.com/specialties.html,False,
https://www.yelp.com/biz/merengue-restaurant-roxbury?osq=Seafood+Restaurant,https://www.yelp.com/menu/merengue-restaurant-roxbury/main-menu,False,
https://www.yelp.com/biz/doms-sausage-co-malden-2?osq=Seafood+Restaurant,https://www.yelp.com/menu/doms-sausage-co-malden-2/catering-menu,False,
https://www.yelp.com/biz/pandan-leaf-cambridge-2?osq=Seafood+Restaurant,https://www.yelp.com/menu/pandan-leaf-cambridge-2,False,
https://www.yelp.com/biz/anthonys-east-side-deli-arlington?osq=Seafood+Restaurant,https://www.yelp.com/menu/anthonys-east-side-deli-arlington,False,Anthony’s East Side Deli
https://www.yelp.com/biz/pomodoro-brookline?osq=Seafood+Restaurant,https://www.yelp.com/menu/pomodoro-brookline,False,
https://www.yelp.com/biz/new-deal-fruit-revere?osq=Seafood+Restaurant,https://www.yelp.com/menu/new-deal-fruit-revere,False,
https://www.yelp.com/biz/asian-kitchen-winthrop?osq=Seafood+Restaurant,https://www.yelp.com/menu/asian-kitchen-winthrop,False,
https://www.yelp.com/biz/spoke-somerville?osq=Seafood+Restaurant,http://www.spokewinebar.com/new-page-1,False,
https://www.yelp.com/biz/ristorante-lucia-boston?osq=Seafood+Restaurant,https://www.yelp.com/menu/ristorante-lucia-boston/main-menu,False,
https://www.yelp.com/biz/maggianos-little-italy-boston?osq=Seafood+Restaurant,https://www.yelp.com/menu/maggianos-little-italy-boston/lunch,False,Maggiano’s Little Italy
https://www.yelp.com/biz/hei-la-moon-boston?osq=Seafood+Restaurant,https://www.yelp.com/menu/hei-la-moon-boston,False,
https://www.yelp.com/biz/sakura-bana-boston?osq=Seafood+Restaurant,https://www.yelp.com/menu/sakura-bana-boston/full-menu,False,
https://www.yelp.com/biz/sushi-station-boston?osq=Seafood+Restaurant,http://www.sushi-station.net/menu.html,False,
https://www.yelp.com/biz/the-capital-grille-burlington?osq=Seafood+Restaurant,https://www.yelp.com/menu/the-capital-grille-burlington/dinner-menu,False,
https://www.yelp.com/biz/the-blue-ox-lynn?osq=Seafood+Restaurant,http://www.theblueoxlynn.com/menus,False,
https://www.yelp.com/biz/yard-house-boston-fenway?osq=Seafood+Restaurant,https://www.yelp.com/menu/yard-house-boston-fenway/appetizers,False,
https://www.yelp.com/biz/rosa-mexicano-boston-2?osq=Seafood+Restaurant,https://www.yelp.com/menu/rosa-mexicano-boston-2/lunch,False,
https://www.yelp.com/biz/teriyaki-yummy-chelsea?osq=Seafood+Restaurant,https://teriyakiyummy.ordersnapp.com/menu,False,
https://www.yelp.com/biz/restaurante-cesaria-dorchester?osq=Seafood+Restaurant,https://www.yelp.com/menu/restaurante-cesaria-dorchester,False,
https://www.yelp.com/biz/saus-boston?osq=Seafood+Restaurant,https://www.yelp.com/menu/saus-boston,False,
https://www.yelp.com/biz/sabur-somerville?osq=Seafood+Restaurant,http://www.saburrestaurant.com/Menu.aspx,False,
https://www.yelp.com/biz/cafe-porto-bello-south-boston?osq=Seafood+Restaurant,https://www.yelp.com/menu/cafe-porto-bello-south-boston/antipasti,False,
https://www.yelp.com/biz/bravo-boston?osq=Seafood+Restaurant,https://www.yelp.com/menu/bravo-boston,True,
https://www.yelp.com/biz/tides-restaurants-and-pub-nahant?osq=Seafood+Restaurant,http://www.tidesnahant.com/tidesnahant.com/the_menu.html,True,Tides Restaurants & Pub
https://www.yelp.com/biz/vinoteca-di-monica-boston-2?osq=Seafood+Restaurant,https://www.yelp.com/menu/vinoteca-di-monica-boston-2/lunch-and-dinner-menu,False,
https://www.yelp.com/biz/lucky-rice-boston?osq=Seafood+Restaurant,http://www.luckyricerestaurant.com/menu.html,False,
https://www.yelp.com/biz/lee-chens-mexican-grill-and-chinese-food-boston?osq=Seafood+Restaurant,https://www.yelp.com/menu/lee-chens-mexican-grill-and-chinese-food-boston/chinese-menu,False,Lee Chen’s Mexican Grill & Chinese Food
https://www.yelp.com/biz/babbo-pizzeria-e-enoteca-boston?osq=Seafood+Restaurant,https://www.yelp.com/menu/babbo-pizzeria-e-enoteca-boston,True,Babbo Pizzeria e Enoteca
https://www.yelp.com/biz/hong-kong-chef-dorchester?osq=Seafood+Restaurant,https://www.yelp.com/menu/hong-kong-chef-dorchester/full-menu,False,
https://www.yelp.com/biz/porter-cafe-west-roxbury?osq=Seafood+Restaurant,http://www.portercafe.com/food,False,
https://www.yelp.com/biz/wink-and-nod-boston?osq=Seafood+Restaurant,http://winkandnod.com/menu/,False,
https://www.yelp.com/biz/celebrity-pizza-and-dairy-bar-watertown?osq=Seafood+Restaurant,https://www.yelp.com/menu/celebrity-pizza-and-dairy-bar-watertown,False,Celebrity Pizza & Dairy Bar
https://www.yelp.com/biz/los-antojitos-restaurant-west-roxbury?osq=Seafood+Restaurant,https://www.yelp.com/menu/los-antojitos-restaurant-west-roxbury,False,Los Antojitos Restaurant
https://www.yelp.com/biz/basho-japanese-brasserie-boston-2?osq=Seafood+Restaurant,https://www.yelp.com/menu/basho-japanese-brasserie-boston-2/dinner-menu,False,Basho Japanese Brasserie
https://www.yelp.com/biz/alfredos-allston?osq=Seafood+Restaurant,http://alfredosonline.com/menu,False,
https://www.yelp.com/biz/beantown-pub-boston?osq=Seafood+Restaurant,http://beantownpub.com/blue_billiard_room_menu.html,False,
https://www.yelp.com/biz/crave-mad-for-chicken-boston?osq=Seafood+Restaurant,https://www.yelp.com/menu/crave-mad-for-chicken-boston,False,Crave Mad for Chicken
https://www.yelp.com/biz/aragosta-bar-and-bistro-boston-3?osq=Seafood+Restaurant,http://www.aragostabistro.com/7/menu,False,Aragosta Bar and Bistro
https://www.yelp.com/biz/commonwealth-restaurant-and-market-cambridge?osq=Seafood+Restaurant,https://www.yelp.com/menu/commonwealth-restaurant-and-market-cambridge/lunch-menu,False,Commonwealth Restaurant and Market
https://www.yelp.com/biz/intermission-tavern-boston-2?osq=Seafood+Restaurant,http://www.intermissiontavern.com/martini-menu.html,False,
https://www.yelp.com/biz/all-star-sandwich-bar-cambridge?osq=Seafood+Restaurant,https://www.yelp.com/menu/all-star-sandwich-bar-cambridge,False,All Star Sandwich Bar
https://www.yelp.com/biz/joes-american-bar-and-grill-boston-3?osq=Seafood+Restaurant,https://www.yelp.com/menu/joes-american-bar-and-grill-boston-3/main-menu,False,Joe’s American Bar & Grill
https://www.yelp.com/biz/bond-restaurant-and-lounge-boston-2?osq=Seafood+Restaurant,https://www.yelp.com/menu/bond-restaurant-and-lounge-boston-2/bar-menu,False,Bond Restaurant and Lounge
https://www.yelp.com/biz/thelonious-monkfish-cambridge?osq=Seafood+Restaurant,https://www.yelp.com/menu/thelonious-monkfish-cambridge/lunch-menu,False,
https://www.yelp.com/biz/cambridge-brewing-company-cambridge-2?osq=Seafood+Restaurant,https://www.yelp.com/menu/cambridge-brewing-company-cambridge-2/lunch-menu,False,Cambridge Brewing Company
https://www.yelp.com/biz/five-spices-house-boston-2?osq=Seafood+Restaurant,https://www.yelp.com/menu/five-spices-house-boston-2,False,
https://www.yelp.com/biz/sip-wine-bar-and-kitchen-boston?osq=Seafood+Restaurant,http://sipwinebarandkitchen.com/menu/,False,Sip Wine Bar and Kitchen
https://www.yelp.com/biz/avenue-one-boston?osq=Seafood+Restaurant,http://regencyboston.hyatt.com/hyatt/hotels/entertainment/restaurants/index.jsp%231622,False,
https://www.yelp.com/biz/cantina-italiana-boston?osq=Seafood+Restaurant,http://www.cantinaitaliana.com/dinner-menu.php,False,
https://www.yelp.com/biz/rebeccas-cafe-boston-5?osq=Seafood+Restaurant,https://www.yelp.com/menu/rebeccas-cafe-boston-5/wrap-and-sandwich-catering-menu,False,
https://www.yelp.com/biz/vintage-restaurant-and-lounge-boston?osq=Seafood+Restaurant,https://www.yelp.com/menu/vintage-restaurant-and-lounge-boston/lunch-menu,False,Vintage Restaurant and Lounge
https://www.yelp.com/biz/winsor-dim-sum-house-and-bar-quincy-3?osq=Seafood+Restaurant,http://www.winsordimsum.com/Banquet_menu/Take_out_menu/take_out_menu.html,False,Winsor Dim Sum House & Bar
https://www.yelp.com/biz/papa-razzi-boston?osq=Seafood+Restaurant,https://www.yelp.com/menu/papa-razzi-boston/gluten-free,False,
https://www.yelp.com/biz/joes-american-bar-and-grill-boston?osq=Seafood+Restaurant,https://www.yelp.com/menu/joes-american-bar-and-grill-boston/main-menu,False,Joe’s American Bar & Grill
https://www.yelp.com/biz/a-time-allston-3?osq=Seafood+Restaurant,https://www.yelp.com/menu/a-time-allston-3,False,
https://www.yelp.com/biz/grafton-street-cambridge?osq=Seafood+Restaurant,http://graftonstreetcambridge.com/menu/dinner/,False,
https://www.yelp.com/biz/zen-japanese-grill-and-sushi-bar-boston?osq=Seafood+Restaurant,https://www.yelp.com/menu/zen-japanese-grill-and-sushi-bar-boston/full-menu,False,Zen Japanese Grill & Sushi Bar
https://www.yelp.com/biz/white-coconut-thai-restaurant-burlington?osq=Seafood+Restaurant,http://whitecoconutthai.com/main-menu/,False,White Coconut Thai Restaurant
https://www.yelp.com/biz/noodle-barn-jamaica-plain?osq=Seafood+Restaurant,http://noodlebarn.com/App.html,False,
https://www.yelp.com/biz/mamas-place-boston?osq=Seafood+Restaurant,https://www.yelp.com/menu/mamas-place-boston/regular-menu,False,
https://www.yelp.com/biz/75-on-courthouse-square-boston?osq=Seafood+Restaurant,https://www.yelp.com/menu/75-on-courthouse-square-boston/lunch-menu,True,75 On Courthouse Square
https://www.yelp.com/biz/quattro-boston?osq=Seafood+Restaurant,https://www.yelp.com/menu/quattro-boston/main-menu,True,
https://www.yelp.com/biz/antonios-cucina-italiana-boston-4?osq=Seafood+Restaurant,https://www.yelp.com/menu/antonios-cucina-italiana-boston-4/dinner-menu,True,Antonio’s Cucina Italiana
https://www.yelp.com/biz/tresca-boston?osq=Seafood+Restaurant,https://www.yelp.com/menu/tresca-boston/dinner-menu,True,
https://www.yelp.com/biz/moon-villa-restaurant-boston?osq=Seafood+Restaurant,https://www.yelp.com/menu/moon-villa-restaurant-boston/full-menu,False,Moon Villa Restaurant
https://www.yelp.com/biz/bourbon-street-cafe-boston-2?osq=Seafood+Restaurant,https://www.yelp.com/menu/bourbon-street-cafe-boston-2,False,
https://www.yelp.com/biz/sycamore-newton?osq=Seafood+Restaurant,https://www.yelp.com/menu/sycamore-newton/main-menu,True,
https://www.yelp.com/biz/shangri-la-belmont?osq=Seafood+Restaurant,https://www.yelp.com/menu/shangri-la-belmont,False,
https://www.yelp.com/biz/gran-gusto-cambridge?osq=Seafood+Restaurant,https://www.yelp.com/menu/gran-gusto-cambridge/main-menu,False,
https://www.yelp.com/biz/bonefish-grill-waltham?osq=Seafood+Restaurant,https://www.yelp.com/menu/bonefish-grill-waltham/main,False,
https://www.yelp.com/biz/ristorante-serena-malden?osq=Seafood+Restaurant,http://ristoranteserena.com/fine-italian-food-menu-malden-ma.html,True,
https://www.yelp.com/biz/curry-house-brookline?osq=Seafood+Restaurant,https://www.yelp.com/menu/curry-house-brookline/main-menu,False,
https://www.yelp.com/biz/symphony-sushi-boston?osq=Seafood+Restaurant,https://www.yelp.com/menu/symphony-sushi-boston,False,
https://www.yelp.com/biz/depasquales-at-night-caps-corner-newton?osq=Seafood+Restaurant,https://www.yelp.com/menu/depasquales-at-night-caps-corner-newton,False,Depasquale’s At Night Caps Corner
https://www.yelp.com/biz/bobs-italian-foods-and-catering-medford?osq=Seafood+Restaurant,http://www.bobsfood.com,False,Bob’s Italian Foods & Catering
https://www.yelp.com/biz/mary-chung-restaurant-cambridge?osq=Seafood+Restaurant,http://www.marychung.com/menu,False,Mary Chung Restaurant
https://www.yelp.com/biz/napoles-restaurant-boston?osq=Seafood+Restaurant,http://www.napolesrestaurant.com,False,
https://www.yelp.com/biz/amrheins-boston-2?osq=Seafood+Restaurant,https://www.yelp.com/menu/amrheins-boston-2/lunch-menu,False,
https://www.yelp.com/biz/cinderellas-bar-and-restaurant-cambridge?osq=Seafood+Restaurant,http://www.cinderellasbarandrestaurant.com/Menus,False,Cinderella’s Bar & Restaurant
https://www.yelp.com/biz/brothers-restaurant-brookline?osq=Seafood+Restaurant,https://www.yelp.com/menu/brothers-restaurant-brookline/breakfast-menu,False,
https://www.yelp.com/biz/cobblestone-cafe-boston-3?osq=Seafood+Restaurant,https://www.yelp.com/menu/cobblestone-cafe-boston-3/cobblestone-menu,False,
https://www.yelp.com/biz/the-townshend-quincy?osq=Seafood+Restaurant,https://www.yelp.com/menu/the-townshend-quincy/dinner,False,
https://www.yelp.com/biz/sai-gon-one-restaurant-boston?osq=Seafood+Restaurant,https://www.yelp.com/menu/sai-gon-one-restaurant-boston,False,Sai Gon One Restaurant
https://www.yelp.com/biz/sunset-cantina-boston?osq=Seafood+Restaurant,https://www.yelp.com/menu/sunset-cantina-boston,True,
https://www.yelp.com/biz/tres-gatos-jamaica-plain?osq=Seafood+Restaurant,http://tresgatosjp.com/tapas,False,
https://www.yelp.com/biz/montecristo-mexican-grill-boston?osq=Seafood+Restaurant,http://www.montecristomexicangrill.com/menu.html,False,Montecristo Mexican Grill
https://www.yelp.com/biz/evoo-restaurant-cambridge?osq=Seafood+Restaurant,http://www.evoorestaurant.com/menus.php,False,
https://www.yelp.com/biz/branch-line-watertown?osq=Seafood+Restaurant,http://www.branchlinearsenal.com/menus/,False,
https://www.yelp.com/biz/all-seasons-table-malden?osq=Seafood+Restaurant,https://www.yelp.com/menu/all-seasons-table-malden/lunch-menu,False,
https://www.yelp.com/biz/bella-vista-boston?osq=Seafood+Restaurant,https://www.yelp.com/menu/bella-vista-boston,False,
https://www.yelp.com/biz/viva-burrito-boston?osq=Seafood+Restaurant,https://www.yelp.com/menu/viva-burrito-boston,False,
https://www.yelp.com/biz/la-mamma-pizza-and-more-allston?osq=Seafood+Restaurant,http://lamammapizzadelivery.com/menu.html,False,La Mamma Pizza And More
https://www.yelp.com/biz/village-pizza-and-grill-south-boston?osq=Seafood+Restaurant,https://www.yelp.com/menu/village-pizza-and-grill-south-boston,False,Village Pizza & Grill
https://www.yelp.com/biz/grand-china-restaurant-boston?osq=Seafood+Restaurant,https://www.yelp.com/menu/grand-china-restaurant-boston,False,Grand China Restaurant
https://www.yelp.com/biz/the-black-sheep-restaurant-and-bar-cambridge?osq=Seafood+Restaurant,https://www.yelp.com/menu/the-black-sheep-restaurant-and-bar-cambridge/wine-list,False,The Black Sheep Restaurant & Bar
https://www.yelp.com/biz/letteries-italian-market-winthrop?osq=Seafood+Restaurant,https://www.yelp.com/menu/letteries-italian-market-winthrop,False,Letterie’s Italian Market
https://www.yelp.com/biz/boston-central-kitchen-express-boston-3?osq=Seafood+Restaurant,http://bostoncentralkitchenexpress.com/menu.html,False,Boston Central Kitchen Express
https://www.yelp.com/biz/jins-brookline?osq=Seafood+Restaurant,http://www.jinbrookline.com/order,False,
https://www.yelp.com/biz/trinas-starlite-lounge-somerville-2?osq=Seafood+Restaurant,https://www.yelp.com/menu/trinas-starlite-lounge-somerville-2/food,False,Trina’s Starlite Lounge
https://www.yelp.com/biz/vinnys-superette-somerville?osq=Seafood+Restaurant,http://www.vinnysatnight.com/menu/our-menu/,False,
https://www.yelp.com/biz/gen-sushi-belmont?osq=Seafood+Restaurant,http://www.gensushima.com/menu.asp,False,
https://www.yelp.com/biz/the-regal-beagle-brookline?osq=Seafood+Restaurant,https://www.yelp.com/menu/the-regal-beagle-brookline/brunch,False,
https://www.yelp.com/biz/dolce-vita-ristorante-boston-2?osq=Seafood+Restaurant,https://www.yelp.com/menu/dolce-vita-ristorante-boston-2,False,Dolce Vita Ristorante
https://www.yelp.com/biz/gourmet-china-house-boston-6?osq=Seafood+Restaurant,http://www.gourmetchinahouse.com/menu/,False,
https://www.yelp.com/biz/good-eats-pizza-and-subs-roxbury-crossing?osq=Seafood+Restaurant,https://www.yelp.com/menu/good-eats-pizza-and-subs-roxbury-crossing/pizza-menu,False,Good Eats Pizza & Subs
https://www.yelp.com/biz/genki-ya-boston?osq=Seafood+Restaurant,https://www.yelp.com/menu/genki-ya-boston/full-menu,False,
https://www.yelp.com/biz/dumpling-cafe-boston?osq=Seafood+Restaurant,https://www.yelp.com/menu/dumpling-cafe-boston/main-menu,False,
https://www.yelp.com/biz/el-kiosco-restaurant-boston?osq=Seafood+Restaurant,https://www.yelp.com/menu/el-kiosco-restaurant-boston,False,El Kiosco Restaurant
https://www.yelp.com/biz/tapeo-boston?osq=Seafood+Restaurant,https://www.yelp.com/menu/tapeo-boston,False,
https://www.yelp.com/biz/mimis-roast-beef-and-seafood-malden?osq=Seafood+Restaurant,http://mimisroastbeef.com/menu.html,False,Mimi’s Roast Beef & Seafood
https://www.yelp.com/biz/darryls-corner-bar-and-kitchen-boston?osq=Seafood+Restaurant,http://dcbkboston.com/menus/,False,Darryl’s Corner Bar & Kitchen
https://www.yelp.com/biz/roccos-cucina-and-bar-boston-6?osq=Seafood+Restaurant,https://www.yelp.com/menu/roccos-cucina-and-bar-boston-6/main-menu,False,Rocco’s Cucina & Bar
https://www.yelp.com/biz/agoros-pizza-bar-and-grill-boston?osq=Seafood+Restaurant,https://www.yelp.com/menu/agoros-pizza-bar-and-grill-boston,False,Agoro’s Pizza Bar and Grill
https://www.yelp.com/biz/pearl-villa-boston-2?osq=Seafood+Restaurant,https://www.yelp.com/menu/pearl-villa-boston-2,False,
https://www.yelp.com/biz/dragon-star-chinese-restaurant-brookline?osq=Seafood+Restaurant,http://dragonstarchineserestaurant.com/appetizers-soup/4422965,False,Dragon Star Chinese Restaurant
https://www.yelp.com/biz/the-painted-burro-somerville?osq=Seafood+Restaurant,http://thepaintedburro.com/menus/,True,
https://www.yelp.com/biz/yokohama-brookline?osq=Seafood+Restaurant,https://www.yelp.com/menu/yokohama-brookline,False,
https://www.yelp.com/biz/kashmir-indian-restaurant-boston-2?osq=Seafood+Restaurant,https://www.yelp.com/menu/kashmir-indian-restaurant-boston-2/starters,False,Kashmir Indian Restaurant
https://www.yelp.com/biz/gyu-kaku-japanese-bbq-brookline?osq=Seafood+Restaurant,https://www.yelp.com/menu/gyu-kaku-japanese-bbq-brookline/a-la-carte-menu,False,Gyu-Kaku Japanese BBQ
https://www.yelp.com/biz/the-butcher-shop-boston?osq=Seafood+Restaurant,https://www.yelp.com/menu/the-butcher-shop-boston/brunch-menu,False,
https://www.yelp.com/biz/house-of-siam-boston-2?osq=Seafood+Restaurant,https://www.yelp.com/menu/house-of-siam-boston-2,False,
https://www.yelp.com/biz/gyu-kaku-japanese-bbq-cambridge?osq=Seafood+Restaurant,https://www.yelp.com/menu/gyu-kaku-japanese-bbq-cambridge/happy-hour-and-course-menu,False,Gyu-Kaku Japanese BBQ
https://www.yelp.com/biz/taipei-tokyo-somerville-2?osq=Seafood+Restaurant,https://www.yelp.com/menu/taipei-tokyo-somerville-2/lunch-menu,False,
https://www.yelp.com/biz/the-village-kitchen-cambridge?osq=Seafood+Restaurant,https://www.yelp.com/menu/the-village-kitchen-cambridge/appetizers,False,
https://www.yelp.com/biz/jp-kitchen-jamaica-plain?osq=Seafood+Restaurant,http://jp-kitchen.com/menu.html,False,
https://www.yelp.com/biz/dumpling-palace-boston?osq=Seafood+Restaurant,https://www.yelp.com/menu/dumpling-palace-boston/full-menu,False,
https://www.yelp.com/biz/hong-kong-eatery-boston?osq=Seafood+Restaurant,http://www.hongkongeatery.com/menu,False,
https://www.yelp.com/biz/bistro-5-medford?osq=Seafood+Restaurant,http://www.bistro5.com/menus,False,
https://www.yelp.com/biz/society-on-high-boston?osq=Seafood+Restaurant,https://www.yelp.com/menu/society-on-high-boston/lunch-menu,False,
https://www.yelp.com/biz/brownstone-boston?osq=Seafood+Restaurant,http://www.brownstoneboston.com/menus/,False,
https://www.yelp.com/biz/brothers-roast-beef-and-pizza-brookline?osq=Seafood+Restaurant,https://www.yelp.com/menu/brothers-roast-beef-and-pizza-brookline,False,Brother’s Roast Beef & Pizza
https://www.yelp.com/biz/border-cafe-cambridge?osq=Seafood+Restaurant,https://www.yelp.com/menu/border-cafe-cambridge,False,
https://www.yelp.com/biz/the-mission-bar-and-grill-boston?osq=Seafood+Restaurant,http://www.themissionbar.com/menu.htm,False,The Mission Bar & Grill
https://www.yelp.com/biz/oasis-brazilian-steakhouse-medford?osq=Seafood+Restaurant,https://www.yelp.com/menu/oasis-brazilian-steakhouse-medford,False,Oasis Brazilian Steakhouse
https://www.yelp.com/biz/the-kinsale-irish-pub-and-restaurant-boston?osq=Seafood+Restaurant,https://www.yelp.com/menu/the-kinsale-irish-pub-and-restaurant-boston/main-menu,False,The Kinsale Irish Pub & Restaurant
https://www.yelp.com/biz/forest-hills-pizza-jamaica-plain-2?osq=Seafood+Restaurant,https://www.yelp.com/menu/forest-hills-pizza-jamaica-plain-2,False,
https://www.yelp.com/biz/bonchon-allston-2?osq=Seafood+Restaurant,https://www.yelp.com/menu/bonchon-allston-2,False,
https://www.yelp.com/biz/bin-26-enoteca-boston?osq=Seafood+Restaurant,https://www.yelp.com/menu/bin-26-enoteca-boston,False,
https://www.yelp.com/biz/aks-takeout-and-delivery-roxbury-crossing-5?osq=Seafood+Restaurant,https://www.yelp.com/menu/aks-takeout-and-delivery-roxbury-crossing-5/coupons,False,AK’s Takeout & Delivery
https://www.yelp.com/biz/giggling-rice-thai-to-go-brookline?osq=Seafood+Restaurant,https://www.yelp.com/menu/giggling-rice-thai-to-go-brookline,False,Giggling Rice Thai To Go
https://www.yelp.com/biz/henriettas-table-cambridge?osq=Seafood+Restaurant,https://www.yelp.com/menu/henriettas-table-cambridge/breakfast-menu,False,
https://www.yelp.com/biz/asia-wok-allston?osq=Seafood+Restaurant,https://www.yelp.com/menu/asia-wok-allston/lunch-specials,False,
https://www.yelp.com/biz/red-lantern-boston?osq=Seafood+Restaurant,http://redlanternboston.com/menu/,False,
https://www.yelp.com/biz/dairy-freeze-quincy?osq=Seafood+Restaurant,http://dairyfreeze-quincy.com/menu.html,False,
https://www.yelp.com/biz/jumbo-seafood-newton?osq=Seafood+Restaurant,http://jumboseafoodrestaurant.net/dinnermenu.html,False,
https://www.yelp.com/biz/siam-bistro-boston?osq=Seafood+Restaurant,https://www.yelp.com/menu/siam-bistro-boston/lunch-menu,False,
https://www.yelp.com/biz/scutra-restaurant-arlington?osq=Seafood+Restaurant,https://www.yelp.com/menu/scutra-restaurant-arlington/from-the-cellar,False,
https://www.yelp.com/biz/penguin-pizza-boston?osq=Seafood+Restaurant,https://www.yelp.com/menu/penguin-pizza-boston,False,
https://www.yelp.com/biz/flames-restaurant-ii-boston?osq=Seafood+Restaurant,https://www.yelp.com/menu/flames-restaurant-ii-boston,False,Flames Restaurant II
https://www.yelp.com/biz/genki-ya-cambridge-2?osq=Seafood+Restaurant,http://genkiyabrookline.com/menu-cambridge.html,False,
https://www.yelp.com/biz/pho-pasteur-boston?osq=Seafood+Restaurant,https://www.yelp.com/menu/pho-pasteur-boston/main-menu,False,
https://www.yelp.com/biz/clink-boston?osq=Seafood+Restaurant,https://www.yelp.com/menu/clink-boston/brunch-menu,False,
https://www.yelp.com/biz/pagliucas-boston-2?osq=Seafood+Restaurant,https://www.yelp.com/menu/pagliucas-boston-2,False,
https://www.yelp.com/biz/la-galleria-33-boston?osq=Seafood+Restaurant,http://lagalleria33.com/menu/,False,
https://www.yelp.com/biz/west-end-johnnies-boston?osq=Seafood+Restaurant,https://www.yelp.com/menu/west-end-johnnies-boston/dinner-menu,False,
https://www.yelp.com/biz/beat-brasserie-cambridge?osq=Seafood+Restaurant,https://www.yelp.com/menu/beat-brasserie-cambridge,False,
https://www.yelp.com/biz/typhoon-asian-bistro-boston?osq=Seafood+Restaurant,https://www.yelp.com/menu/typhoon-asian-bistro-boston/main-menu,False,Typhoon Asian Bistro
https://www.yelp.com/biz/the-farmhouse-needham?osq=Seafood+Restaurant,https://www.yelp.com/menu/the-farmhouse-needham/dinner-menu,False,
https://www.yelp.com/biz/cinquecento-boston-2?osq=Seafood+Restaurant,https://www.yelp.com/menu/cinquecento-boston-2/pre-fixe,False,
https://www.yelp.com/biz/the-maharaja-cambridge?osq=Seafood+Restaurant,https://www.yelp.com/menu/the-maharaja-cambridge,False,
https://www.yelp.com/biz/hulun-beir-boston-3?osq=Seafood+Restaurant,https://www.yelp.com/menu/hulun-beir-boston-3,False,
https://www.yelp.com/biz/erbaluce-boston?osq=Seafood+Restaurant,https://www.yelp.com/menu/erbaluce-boston,False,
https://www.yelp.com/biz/posto-somerville?osq=Seafood+Restaurant,https://www.yelp.com/menu/posto-somerville/main-menu,False,
https://www.yelp.com/biz/boyles-market-arlington?osq=Seafood+Restaurant,https://www.yelp.com/menu/boyles-market-arlington/full-menu,False,
https://www.yelp.com/biz/the-living-room-boston?osq=Seafood+Restaurant,https://www.yelp.com/menu/the-living-room-boston/brunch,False,
https://www.yelp.com/biz/nud-pob-thai-cuisine-boston?osq=Seafood+Restaurant,https://www.yelp.com/menu/nud-pob-thai-cuisine-boston,False,Nud Pob Thai Cuisine
https://www.yelp.com/biz/wu-er-by-wow-barbecue-brookline-4?osq=Seafood+Restaurant,https://www.yelp.com/menu/wu-er-by-wow-barbecue-brookline-4,False,Wu Er by WOW Barbecue
https://www.yelp.com/biz/suishaya-boston?osq=Seafood+Restaurant,http://www.suishayaboston.com/suishaya-menu.html,False,
https://www.yelp.com/biz/bertuccis-boston-6?osq=Seafood+Restaurant,https://www.yelp.com/menu/bertuccis-boston-6/main-menu,False,
https://www.yelp.com/biz/lumiere-restaurant-newton?osq=Seafood+Restaurant,https://www.yelp.com/menu/lumiere-restaurant-newton/dinner-menu,True,
https://www.yelp.com/biz/harvard-market-cambridge?osq=Seafood+Restaurant,https://www.yelp.com/menu/harvard-market-cambridge,False,
https://www.yelp.com/biz/supreme-house-of-pizza-boston-4?osq=Seafood+Restaurant,http://supreme-house.com/menu.html,False,Supreme House Of Pizza
https://www.yelp.com/biz/the-florentine-cafe-boston?osq=Seafood+Restaurant,https://www.yelp.com/menu/the-florentine-cafe-boston,True,
https://www.yelp.com/biz/prime-roast-beef-and-seafood-lexington?osq=Seafood+Restaurant,https://www.yelp.com/menu/prime-roast-beef-and-seafood-lexington,False,Prime Roast Beef & Seafood
https://www.yelp.com/biz/twelve-hours-brighton?osq=Seafood+Restaurant,http://twelvehoursboston.comcastbiz.net/menu.shtml,False,
https://www.yelp.com/biz/nagoya-medford?osq=Seafood+Restaurant,https://www.yelp.com/menu/nagoya-medford/full-menu,False,
https://www.yelp.com/biz/ebi-sushi-bar-somerville?osq=Seafood+Restaurant,https://www.yelp.com/menu/ebi-sushi-bar-somerville,False,
https://www.yelp.com/biz/empire-asian-restaurant-and-lounge-boston-12?osq=Seafood+Restaurant,http://empireboston.com/menu/,False,Empire Asian Restaurant & Lounge
https://www.yelp.com/biz/taiwan-caf%C3%A9-boston-2?osq=Seafood+Restaurant,http://taiwancafeboston.com/menu,False,
https://www.yelp.com/biz/kiosco-sabor-de-mi-tierra-bar-boston?osq=Seafood+Restaurant,https://www.yelp.com/menu/kiosco-sabor-de-mi-tierra-bar-boston,False,Kiosco Sabor De Mi Tierra Bar
https://www.yelp.com/biz/publik-house-boston?osq=Seafood+Restaurant,https://www.yelp.com/menu/publik-house-boston,False,
https://www.yelp.com/biz/equator-boston?osq=Seafood+Restaurant,https://www.yelp.com/menu/equator-boston/lunch-menu,False,
https://www.yelp.com/biz/foundry-on-elm-somerville?osq=Seafood+Restaurant,https://www.yelp.com/menu/foundry-on-elm-somerville/lunch-menu,False,
https://www.yelp.com/biz/l-andana-burlington?osq=Seafood+Restaurant,https://www.yelp.com/menu/l-andana-burlington/dinner,True,
https://www.yelp.com/biz/jims-deli-and-restaurant-brighton?osq=Seafood+Restaurant,http://jimsdeliboston.com/our-menu/,False,Jim’s Deli & Restaurant
https://www.yelp.com/biz/courtside-cambridge?osq=Seafood+Restaurant,http://www.courtsidekaraoke.com/menu.htm,False,
https://www.yelp.com/biz/strip-ts-restaurant-watertown?osq=Seafood+Restaurant,https://www.yelp.com/menu/strip-ts-restaurant-watertown/new-dinner-menu,True,Strip-T’s Restaurant
https://www.yelp.com/biz/mix-it-restaurant-sushi-bar-cambridge?osq=Seafood+Restaurant,http://www.mixitrestaurant.com/asain-food/,False,Mix-It Restaurant - Sushi Bar
https://www.yelp.com/biz/mikes-place-saugus?osq=Seafood+Restaurant,http://www.mikesplacesaugus.com/menu.html,False,
https://www.yelp.com/biz/el-potro-mexican-grill-somerville?osq=Seafood+Restaurant,http://elpotromexicangrill.com/menu/,False,El Potro Mexican Grill
https://www.yelp.com/biz/local-149-south-boston-3?osq=Seafood+Restaurant,http://local149.com/eat,False,
https://www.yelp.com/biz/s-and-i-thai-allston?osq=Seafood+Restaurant,http://www.sanditogo.com/menu-2/,False,
https://www.yelp.com/biz/centre-street-caf%C3%A9-jamaica-plain-4?osq=Seafood+Restaurant,http://www.centrestreetcafejp.com/menus/,False,
https://www.yelp.com/biz/the-kebab-factory-somerville?osq=Sea